Row Labels,Average of BOUNCE RATE (%)
/&amp,100
/*dept/finance,100
/.bash_history,100
/.com/city/court,100
/.env,100
/.git,100
/.git/head,100
/.svn/entries,100
/<https://urldefense.com/v3/__https:/www.brla.gov/__,100
/0.0.2.221//district-8-denise-amoroso,100
/053a8c1f-5eee-4623-b50f-f86c16a1bbb2,100
/0c3577ca-b338-4926-909c-f4e8151f2886,100
/1/gtm.js,100
/1/n/a,100
/1/n/gtm.start,100
/1/n/item.autocomplete,100
/1/n/piwik.js,100
/1/n/piwik.php,100
/1/piwik.js,100
/121b0f4d-ee91-48b6-a60f-0fd8f556bbb4,100
/12215/ebrparishcaronavirusinfo,100
/1296/13259/mayors-biography,100
/12b42cfa-ff91-4f4d-8c9f-0d853a19d123,100
/132,100
/1320/resources<br><br>211,100
/1383/online-ticket-payments,100
/1393/chief-of-police&kp=1,100
/1398/11972/senior-staff,100
/1461/occupational-license-taxhttps://coraweb.sos.la.gov/commercialsearch/tradeservicesearchdetails.aspx,100
/14s1/occupational-license-tax,100
/150/16185/city-court,100
/1509/19597/announcements,100
/1522/recycling-office,100
/1539mayors-summer-youth-employment-program,100
/15https://unc.zoom.us/j/993679816980/city-court,100
/15minwithmayor,100
/15withbroome,100
/1654/16619/uniform-patrol-bureau,100
/1692/employee-relations>.,100
/1705/22131/recruitment-examination,100
/1712progressive-discipline-procedures,100
/1786/18424/online-forms,100
/1881/9128/parish-census-maps,100
/194/12582/employees-federal-credit-union,100
/194/16183/employees-federal-credit-union,100
/194/21464/employees-federal-credit-union,100
/194/21469/employees-federal-credit-union,100
/194/9906/employees-federal-credit-union,100
/194/employees/federal-credit-union,100
/194/employees-federal_credit-union,100
/1977/11574/pedestrianbike-master-plan,100
/1978/12802/forms,100
/1983/sg90zwwttw,100
/1bbcec9b-40a7-4754-aa21-672d825cdf52,100
/1e6fcb8e-1a2c-4a28-a1a0-26afe7100fdc,100
/1o57/smoke-alarms,100
/2009bond/pdf/capitalimprovements.pdf,100
/202,100
/2020consolidation,100
/2020cyber,100
/2020cyberse,100
/2020cybersec,100
/2020cybersecur,100
/2020cybersecuri,100
/203policedepartment,100
/206/19557/explorer-post-912,100
/2064/16179/operation-fresh-start,100
/2114/justices-of-the-peace+&cd=1&hl=en&ct=clnk&gl=ph,100
/2143/assessment-of-fair-housing-in-ebr-publ,100
/215/loans-applicationshttps://www.brla.gov/194/employees-federal-credit-union,100
/2151/14957/east-baton-rouge-parish-coronavirus-info,100
/2151/covid-19-novel-coronavirus-information&kp=1,100
/2160/14228/closures-and-affected-services,100
/2163/15212/free-meal-pickup-sites-for-children,100
/2170/financial-literacy-workshops/,100
/2172/14403/earth-day-2020,100
/2175/14992/restart-br,100
/2176/2019-crime-statistics,100
/218/19283/accounting-division,100
/22033c0165e.pdf,100
/22033c0245e.pdf,100
/22033c0290e.pdf,100
/2204/15000/commission-on-racial-equity-and-inclusio,100
/2204/15477/commission-on-racial-equity-and-inclusio,100
/2204/15521/commission-on-racial-equity-and-inclusio,100
/2204/16013/commission-on-racial-equity-and-inclusio,100
/2204/commission-on-racial-equity-and-inclusio&quot,100
/2208/15556/district-5-alive,100
/2215/21293/east-baton-rouge-parish-coronavirus-info,100
/2217/metronet/bridge/hrresources.asp,100
/2227/connectblue<https://protect-us.mimecast.com/s/haybcqw2yyfnll0sksv7n>,100
/2227/connectblue<https:/protect-us.mimecast.com/s/haybcqw2yyfnll0sksv7n,100
/2251/15611/brpd-policies,100
/2251/16015/brpd-policies,100
/2251/16040/brpd-policies,100
/2251/18121/brpd-policies,100
/2261/crime-statistics-2001-2017,100
/2268/18978/police-department,100
/22749089-de39-4f78-ad8f-464c6b51d3dd,100
/237/22784/criminal-investigations,100
/2377/19627/covid-19-vaccine-information,100
/2377/covid-19-vaccine-information/,100
/244/human-resources/relations,100
/245/restraining-order/zeshan,100
/2508/19579/open-data-day-2021,100
/2579/19902/geaux-get-vaccinated,100
/2579/20444/geaux-get-vaccinated,100
/2579/21011/geaux-get-vaccinated,100
/26/examination-prepetation,100
/2601/privacy-notice-disclosure,100
/2636/21984/citizen-data-academy-on-demand,100
/2652/21035/covid-19-information,100
/2653/21702/2021-cybersecurity-symposium,100
/270/13105/buildings-grounds,100
/2723/23300/redistricting-2022,100
/2741/23061/red-stick-ready-day,100
/290/student-internship-programhttps://www.internships.com/posting/ccm_9f87377c-c5dd-4476-b7f3-99958b9181ac,100
/2996/iacp-trust-building-campaign<https://protect-us.mimecast.com/s/2zzicw6xmxi5qz1jixwsjv,100
/331/head/start/program,100
/331/head-start-program/,100
/337/garbage-collection&kp=1,100
/345/environmental-division<https://urldefense.com/v3/__https:/www.brla.gov/345/environmental-division__,100
/345/environmental-division<https://us-east-2.protection.sophos.com,100
/34cac46c-98b9-41c0-a56a-25428cd2f2c8,100
/367/20087/juvenile-services,100
/403/volunteer-program&kp=1,100
/407/faqs,100
/41,100
/410e019b-c65f-4492-8a42-68650a94ccb9,100
/411/juvenile-detention-center<https://urldefense.com/v3/__https://urldefense.us/v3/__https:/www.brla.gov/411/juvenile-detention-center__,100
/416/19546/maintenance,100
/455adjudecated-property,100
/455adjuicated-propety,100
/4eae5f49-f927-4242-b970-edbb8525ed09,100
/4ef62e40-2c9f-4fed-a6f4-9b2128a9d546,100
/4efbf32d-e393-4208-8c73-9e3e3220cb24,100
/50/office/of/social/services,100
"/501/office/of,social/services",100
/501/office/of/social/sercvies,100
/501/office/social/servicess,100
/501/social/service/office,100
/501-office-of.socialservices,100
/501-of-social-services,100
/510,100
/53405493-e8de-4734-b755-67b7c06410bd,100
/5499,100
/559/taxes,100
/581/district-1-brandon-neal,100
/5864eeaa-4542-4ac2-94ea-a91f545b9584,100
/588/11556/mayor-president,100
/588/13676/mayor-president,100
/588/17917/mayor-president,100
/588/18177/mayor-president,100
/588/8329/mayor-president,100
/5e7c5fa4-55ec-4620-bfda-7eacc79e59d3,100
/605e03a1-ab57-4e2b-aa42-9a62dcfdaaac,100
/60f62144-c29e-441c-a831-31fb7306915c,100
/612f2bf0-1ae2-4693-8c99-0c5dd2a8c54c,100
/622/futurebr,100
/62331b9d-765d-47aa-9af2-54030c80a1e8,100
/626/district-5-erika-l-green&i=20190311160312.0000009bebb3@mail6-42-usnbn1&x=mhwxmdq2nzu4ojvjody4ndnkzjjjywmyzwmxmdbmyjc2mjs=&s=3ljxknubdmnwdydy6j9dw_vuj-trjc4iwlhyxmdhbsm,100
/626/district-5-erika-l-green&i=20190311160418.0000009be0a0@mail6-60-usnbn1&x=mhwxmdq2nzu4ojvjody4ndnkzjjjywmyzwmxmdbmyjc2mjs=&s=3ljxknubdmnwdydy6j9dw_vuj-trjc4iwlhyxmdhbsm,100
/626/district-5-erika-l-green&i=20190311160419.00000076e127@mail6-46-ussnn1&x=mhwxmdq2nzu4ojvjody4ndnkzjjjywmyzwmxmdbmyjc2mjs=&s=3ljxknubdmnwdydy6j9dw_vuj-trjc4iwlhyxmdhbsm,100
/636/revenue-division,100
/63s/revenue-division,100
/648/14264/planning-commission,100
/673/umvhc29uyw,100
/696/t2njdxbhdg,100
/699/14532/jewel-j-newman-community-center,100
/71f855c1-9eaa-4973-a659-01a27e997f86,100
/72/11546/intranet,100
/731/3184/online-business-registration,100
/731/online-business-registrationhttps://www.salestaxonline.com/default_sto.aspx,100
/734/online-sales-tax-payments<https://urldefense.com/v3/__https:/www.brla.gov/734/online-sales-tax-payments__,100
/736/19638/dr-leo-s-butler-community-center,100
/736/22504/dr-leo-s-butler-community-center,100
/738/tax:rates,100
/73d54e6a-cb79-4b39-8d87-e3df7b92f623,100
/763,100
/770/13921/district-12-jennifer-racca,100
/781/9094/district-2-videos,100
/799/tax-forms/,100
/7c31a45e-9a15-453f-9f3a-4096c8bb7a9c,100
/8,100
/801/21458/district-map-demographics,100
/801/district-map-demographics&kp=1,100
/855/11915/office-of-community-development,100
/855/16377/office-of-community-development,100
/855/24542/office-of-community-development,100
/874/online-services/,100
/87849606-138b-4f83-b994-e0a05d984970,100
/884916d0-46b8-4846-8cb1-f83674678028,100
/892/building-construction-permitting,100
/894e15ee-9b7a-4100-9d1c-12199338d408,100
/8o1/rglzdhjpy3,100
/9/how-do-i/,100
/911/fire-department<https://gcc02.safelinks.protection.outlook.com/,100
/913/16171/brfd-employment,100
/92511c57-b41d-4aad-aef4-ae4ca3a96021,100
/942/13622/occupational-license-tax-renewals,100
/942/occupational-license-tax-renewals/images/hdfinance.jpg,100
/942/occupational-license-tax-renewals/pdf/central-streetlisting.pdf,100
/942/occupational-license-tax-renewals/pdf/cnvszxmlmj,100
/942/occupational-license-tax-renewals/pdf/leaserentalexemp.pdf,100
/942/occupational-license-tax-renewals/pdf/newbusinesslisting-january06.pdf,100
/942/occupational-license-tax-renewals/pdf/outstanding_checks-refundable_deposits/april_2017-stale_dated_checks.pdf,100
/942/occupational-license-tax-renewals/pdf/rules&regs.pdf),100
/942/occupational-license-tax-renewals/pdf/rules&regs.pdf/),100
/942/occupational-license-tax-renewals/pdf/salestaxform-jpi.pdf,100
/942/occupational-license-tax-renewals/pdf/tax-sales,100
/942-3789/occupational-license-tsx-renewals,100
/9493d0e2-41eb-40c0-89c2-165ffae8f95e,100
/97b98a4d-b5e1-4f62-b452-a2dfb7bcc4a2,100
/98c64d0c-27d7-43b1-82fd-72d874f98371,100
/994b39f5-67cc-45c8-acef-a5269b8078b1,100
/a[[s/olt,100
/…/04april/april_18_2016_preliminary_ag…,100
/…/covid-19-novel-coronavirus-informati,100
/”target=,100
/a37090d2-ce5d-420d-9663-052fba8c1be1,100
/about.htm,100
/about.us.htmaboutbatonrouge,100
/about-us.aspx,100
/aboutus.htm),100
/aboutus.htm.,100
/about-us/meet-the-coroner.aspx,100
/account/login,100
/adjacted,100
/adjcated,100
/adjucatedproperty,100
/adjudicated/auction.p,100
/adjudicated/aution.pdf,100
/adjudicated/pdf/familiar.pdf,100
/adjudicated/pdf/non,100
/adjudicated/pdf/offerform.pdf,100
/adjudicated/scripts/pdf/familiar.pdf,100
/adjudications,100
/adjudicted,100
/adjunadated,100
/adjustment,100
/admin.sam/logonrequest,100
/admin/mailer.php,100
/admin/saml/preferences,100
/administrator/,100
/aee27508-1c8a-4d26-95fd-bc616bb2a2b8,100
/aept/ocd/shelters/shelter,100
/age,100
/agen,100
/agenda.pdf,100
/agendace,100
/agendace…/viewfile/agenda/_06272018-273,100
/agendacent,100
/agendacenter/11,100
/agendacenter/complete-streets-citizen-advisory-commit-9,100
/agendacenter/library-board-of-control-agendas-availab-25/,100
/agendacenter/mosquito-abatement-rodent-control-board-26,100
/agendacenter/previousversions/_01082020-715,100
/agendacenter/previousversions/_01092020-719,100
/agendacenter/previousversions/_01162018-106,100
/agendacenter/previousversions/_01262017-335,100
/agendacenter/previousversions/_02212018-197,100
/agendacenter/previousversions/_02282018-183,100
/agendacenter/previousversions/_03082018-190,100
/agendacenter/previousversions/_03092017-410,100
/agendacenter/previousversions/_03092020-749,100
/agendacenter/previousversions/_03112020-751,100
/agendacenter/previousversions/_03122020-755,100
/agendacenter/previousversions/_03142018-193,100
/agendacenter/previousversions/_03142018-194,100
/agendacenter/previousversions/_04162018-187,100
/agendacenter/previousversions/_04182018-223,100
/agendacenter/previousversions/_04252018-227,100
/agendacenter/previousversions/_04252018-230,100
/agendacenter/previousversions/_04262018-229,100
/agendacenter/previousversions/_04302020-706,100
/agendacenter/previousversions/_05092018-233,100
/agendacenter/previousversions/_05212018-212,100
/agendacenter/previousversions/_06112020-805,100
/agendacenter/previousversions/_06182020-781,100
/agendacenter/previousversions/_06252020-812,100
/agendacenter/previousversions/_06292017-341,100
/agendacenter/previousversions/_07092020-817,100
/agendacenter/previousversions/_07092020-826,100
/agendacenter/previousversions/_07202020-793,100
/agendacenter/previousversions/_07232020-827,100
/agendacenter/previousversions/_07272016-108,100
/agendacenter/previousversions/_08102016-109,100
/agendacenter/previousversions/_08152019-614,100
/agendacenter/previousversions/_08202020-859,100
/agendacenter/previousversions/_08242016-110,100
/agendacenter/previousversions/_09032020-910,100
/agendacenter/previousversions/_09092020-869,100
/agendacenter/previousversions/_09102020-877,100
/agendacenter/previousversions/_09122019-636,100
/agendacenter/previousversions/_09122022-1412,100
/agendacenter/previousversions/_09142016-111,100
/agendacenter/previousversions/_09212016-146,100
/agendacenter/previousversions/_09282016-112,100
/agendacenter/previousversions/_09292022-1426,100
/agendacenter/previousversions/_10082020-911,100
/agendacenter/previousversions/_10152020-916,100
/agendacenter/previousversions/_10172019-658,100
/agendacenter/previousversions/_10192016-147,100
/agendacenter/previousversions/_10192017-70,100
/agendacenter/previousversions/_10242022-1438,100
/agendacenter/previousversions/_10262016-114,100
/agendacenter/previousversions/_10312019-671,100
/agendacenter/previousversions/_11042016-140,100
/agendacenter/previousversions/_11092016-115,100
/agendacenter/previousversions/_11122019-676,100
/agendacenter/previousversions/_11142019-677,100
/agendacenter/previousversions/_11162016-148,100
/agendacenter/previousversions/_11172022-1467,100
/agendacenter/previousversions/_11192020-941,100
/agendacenter/previousversions/_11212019-680,100
/agendacenter/previousversions/_11222016-116,100
/agendacenter/previousversions/_12072016-141,100
/agendacenter/previousversions/_12072016-149,100
/agendacenter/previousversions/_12112019-693,100
/agendacenter/previousversions/_12122017-144,100
/agendacenter/previousversions/_12132016-142,100
/agendacenter/previousversions/_12172020-957,100
/agendacenter/previousversions/_12192019-484,100
/agendacenter/previousversions/_12192019-702,100
/agendacenter/previousversions/_12222020-1037,100
/agendacenter/previousversions/_12232020-956,100
/agendacenter/previousversions/_12272018-464,100
/agendacenter/previousversions/_12282020-958,100
/agendacenter/previousversions/_12302020-1038,100
/agendacenter/previousversions/1008,100
/agendacenter/previousversions/1027,100
/agendacenter/previousversions/1076,100
/agendacenter/previousversions/1090,100
/agendacenter/previousversions/1100,100
/agendacenter/previousversions/1129,100
/agendacenter/previousversions/1192,100
/agendacenter/previousversions/1209,100
/agendacenter/previousversions/1285,100
/agendacenter/previousversions/1313,100
/agendacenter/previousversions/1347,100
/agendacenter/previousversions/1352,100
/agendacenter/previousversions/1373,100
/agendacenter/previousversions/1528,100
/agendacenter/previousversions/221,100
/agendacenter/previousversions/267,100
/agendacenter/previousversions/272,100
/agendacenter/previousversions/279,100
/agendacenter/previousversions/288,100
/agendacenter/previousversions/289,100
/agendacenter/previousversions/299,100
/agendacenter/previousversions/359,100
/agendacenter/previousversions/360,100
/agendacenter/previousversions/383,100
/agendacenter/previousversions/387,100
/agendacenter/previousversions/437,100
/agendacenter/previousversions/438,100
/agendacenter/previousversions/447,100
/agendacenter/previousversions/452,100
/agendacenter/previousversions/471,100
/agendacenter/previousversions/486,100
/agendacenter/previousversions/560,100
/agendacenter/previousversions/568,100
/agendacenter/previousversions/572,100
/agendacenter/previousversions/576,100
/agendacenter/previousversions/579,100
/agendacenter/previousversions/583,100
/agendacenter/previousversions/586,100
/agendacenter/previousversions/587,100
/agendacenter/previousversions/593,100
/agendacenter/previousversions/673,100
/agendacenter/previousversions/697,100
/agendacenter/previousversions/698,100
/agendacenter/previousversions/737,100
/agendacenter/previousversions/846,100
/agendacenter/previousversions/847,100
/agendacenter/previousversions/863,100
/agendacenter/previousversions/900,100
/agendacenter/previousversions/986,100
/agendacenter/viewfile/agency/062120211059,100
/agendacenter/viewfile/agenda/_01122022-1188,100
/agendacenter/viewfile/agenda/_01182023-1507<https://nam02.safelinks.protection.outlook.com/,100
/agendacenter/viewfile/agenda/_02222023-1528<https:/protect-us.mimecast.com/s/bja2cn5wknt7vq6ns9kuot,100
/agendacenter/viewfile/agenda/_06142023-1621<https://urldefense.com/v3/__https:/www.brla.gov/agendacenter/viewfile/agenda/_06142023-1621__,100
/agendacenter/viewfile/agenda/_0922,100
/agendacenter/viewfile/agenda/_09222021-,100
/agendacenter/viewfile/agendapac12/_11282018-448,100
/agendacenter/viewfile/archivedagenda/_04112018-57https://www.brla.gov/agendacenter/viewfile/agenda/_04112018-211,100
/agendacenter/viewfile/archivedminutes/_12222020-1295,100
/agendacenter/viewfile/minutes/_05172021-1023,100
/agendacenter/viewfile/minutes/_08212019-626,100
/agendacenter</link>,100
/ajudicated/,100
/altonsterling,100
/amdin,100
/aocumentcenter/siew/3632/2016,100
/aocumentcenter/siew/48vv/sendor,100
/aocumentcenter/siew/629/soluntary,100
/aocumentcenter/siew/7430/flood,100
/aocumentcenter/view/48vv/vendor,100
/aocumentcenter/view/4uvv/vendor,100
/apex/f,100
/app/salestay,100
/apps/csr,100
/apps/garnish/garloginrequest.a,100
/apps/garnish/garloginrequest.as,100
/apps/images/oscrs.gif,100
/apps/inspstatis,100
/apps/occupational,100
/apps/olt/www.brgov.com/dept/finance,100
/apps/saestax,100
/appswww.msn.com/,100
/archive/viewfile/item/169,100
/archive/viewfile/item/174,100
/archive/viewfile/item/243,100
/archive/viewfile/item/244,100
/archive/viewfile/item/247,100
/archive/viewfile/item/250,100
/archive/viewfile/item/257,100
/archive/viewfile/item/260,100
/archive/viewfile/item/264,100
/archive/viewfile/item/265,100
/archive/viewfile/item/266,100
/archive/viewfile/item/267,100
/archive/viewfile/item/481,100
/archive/viewfile/item/512,100
/archive/viewfile/item/514,100
/archive/viewfile/item/574,100
/archive/viewfile/item/601,100
/archive/viewfile/item/676,100
/archive/viewfile/item/690,100
/b25lymxvb2,100
/b824e820-deeb-42d7-994c-8a3f8ee9201c,100
/baatonrougeproud/summerapp,100
/bakerlibrary,100
/bakerpe,100
/batonrouge/pdf/[articipantapp.pdf,100
/batonrougepolice,100
/batonrougepoud,100
/batonrougeprodude,100
/batonrougeproud/hometownheroes,100
/batonrougeproud/pdf/loveyourblockwinners.pdf,100
"/batonrougeproud/summer,asp",100
/batonrougeproud/summer.asap,100
/batonrougeproud/summer.aspje.vous.en.prie,100
/batonrougeproud/summer/asp,100
/bbaad8b9-6ae5-4dd4-b016-51075e8fec00,100
/bdept/oss/,100
/bikebr/aboutbikeability,100
/bikebr/aboutw.htm,100
/bikebr/bikebr_user_guide_web.pdf,100
/bikebr/data/grocery_stores_2.kmz,100
/bikebr/default(2).htm,100
/bikebr/eventsanddevelopmentsw.htm,100
/bikebr/gis.brla.gov,100
/bikebr/thematicoverlays.htmhttp://brgov.com/bikebr/thematicoverlays.htm,100
/bikebr/workingdefaulttest,100
/blightbootcamp,100
/brfd@2023,100
/brpd/pdf/police_duties.pdf,100
/budget23,100
/building,100
/business-and-financial/311-citizen-requests-for-service/2yxh-jcdc,100
/business-and-financial/active-businesses-registered-with-ebr-parish/e3py-5nez,100
/business-and-financial/active-ebr-businesses-naics-code/3q5b-g4nv/13079,100
/business-and-financial/active-ebr-businesses-naics-code/3q5b-g4nv/41842,100
/business-and-financial/active-ebr-businesses-naics-code/r8xe-968k,100
/business-and-financial/active-ebr-businesses-naics-code/r8xe-968k/data,100
/business-and-financial/businesses-in-ebr-naics-code/dtid-ye3i/alt,100
/business-and-financial/businesses-registered-with-ebr-parish/xw6s-bcqm/00619263,100
/business-and-financial/businesses-registered-with-ebr-parish/xw6s-bcqm/56093,100
/business-and-financial/businesses-registered-with-ebr-parish/xw6s-bcqm/7166,100
/business-and-financial/central-businesses/47vj-2hfs,100
/business-and-financial/economic-development-district/5yzd-cg42/data,100
/business-and-financial/open_restaurants/s8qa-ftti/44439,100
/business-and-financial/open_restaurants/s8qa-ftti/55585,100
/business-and-financial/test/rjvc-snnx,100
/c1bbbe16-c790-4406-8e9f-fdc45b22ebb8,100
/c4cd50e2-2f02-4902-8128-0cdfb14eca2b,100
/c78088a0-daf8-4feb-9455-a5e4ad567fd9,100
/capit,100
/capitalareapeomise,100
/capitalareapr,100
/capitalareapro,100
/capitalareaprom,100
/capitalreapromise,100
/career/hunanresources,100
/careeroptions,100
/causey_traffic_fatality.pdf,100
/cb150101-8342-43b0-8f98-2c622ea20943,100
/cbr-repricing.xlsx,100
/census00,100
/census00/,100
/cgi-bin/autodetect.ha,100
/cgi-bin/diag.ha,100
/cgi-bin/dslstatistics.ha,100
/changelog.md,100
/change-password,100
/checkout,100
/checksite/custom-error-page,100
/city.court,100
/city/court/,100
/cityofbatonrouge,100
/civicalerts/asps,100
/clentifinance,100
/clt,100
/collections/all,100
/com/dept/fire,100
/communityredevelopment,100
/complaint-form,100
/config.php~,100
/contact.htm,100
/contactus/,100
/contact-us/,100
/contractorcollegeappl.pdf,100
/cor,100
/coron,100
/coronavirustesting,100
/coroniavirus,100
/corono,100
/corvid29,100
/covid19eap,100
/covidereport,100
/covidr,100
/covidrepo,100
/covidsite,100
/covidtestinformation,100
/covidvacci,100
/covidvaccin,100
/covidwo,100
/covidworksh,100
/covidworkshop,100
/cpincilcomment,100
/createapplicant.aspx,100
/creditunionwww.brgov.com/dept/creditunion,100
/crimestate,100
/css/publicsafety-jailbook.css,100
/culture-and-recreation/brec-parks/asgj-fg6t/data,100
/culture-and-recreation/brec-parks/phg8-g77c/588,100
/culture-and-recreation/historic-marker/hqn4-vfz6/data,100
/culture-and-recreation/historic-marker/huqh-ankn/data,100
/culture-and-recreation/library-computer-usage/3u4i-fz9z/data,100
/culture-and-recreation/softball-and-baseball-parks/59tu-w9d4,100
/cup-1-16.pdf,100
/cyberworkshop,100
/d/,100
/da4ae34b-1266-4305-84c8-b3f878787e0c,100
/damageasscrssment,100
/damageasseaament,100
/damageassessmet,100
/damagessessment,100
/dareports/da,100
/dataset/baton-rouge-annexation-history/3xd7-twu2/data,100
/dataset/baton-rouge-logo/7v4j-8tn9/alt,100
/dataset/building-footprint/rge4-hmvs,100
/dataset/city-parish-employee-annual-salaries/g9vh-zeiw/data,100
/dataset/faq-custom-content/qndw-y9k6/data,100
/dataset/justice-of-the-peace-districts/fsap-z5sa/data,100
/dataset/movebr-proposed-advanced-traffic-management-projec/nv9m-3u4q/data,100
/datasets/cca5ca1d12804888b655baed90639b9f_0,100
/dcnt/finance,100
/ddept/citycourt,100
/de[t/citycourt/,100
/de=,100
/de82f9c2-ed4b-4529-a589-531b27c33d4d,100
/death-investigation/support-contact-information.aspx,100
/deb/brpd/pdf/police_duties.pdf,100
/debt/brpd/pdf/police_duties.pdf,100
/debt/brpd/pdf/police-officer-or-detective,100
/debt/headstart,100
/debt/hr/download.htm,100
/debt/ocd/,100
/debt/ocd/prohibited.htm,100
/debtt/citycourt/pdf/judicialdistrictmap.pdf,100
/dedt/fihance,100
/deot/plannine/meetingsagendas.htm,100
/dep./hr,100
/dep/citicourt/,100
/dep/creditunion/,100
/dep/fiance,100
/dep/headstart,100
/dep=,100
/deparatment/citycourt,100
/department/citycourt/warr,100
/departmentoffinance.com,100
/depat/fianace,100
/depcitycode,100
/depl/linwicc,100
/depot/citycourt,100
/depp/headstart,100
"/dept,citycourt/",100
"/dept,hr",100
/dept.brpd/,100
/dept.brpd/pdf,100
/dept.brpd/pdf/appprocess.pdf,100
/dept.cirtcourt/,100
/dept.com/dept./brpd/pdf/police_duties.pdf,100
/dept.fiance,100
/dept.finance.,100
/dept/.dpw/workdev/.pdf/.uniformpolicy.pdf,100
/dept//dpw//traffic//closuredet.asp,100
/dept//dpw/traffic/11504.htm,100
/dept//ocd//pdf//ocd/u0025202016/u002520hmbyr/u002520trgt/u002520area/u002520-ltr.pdf,100
/dept//planning/news/pdf/draftordinances/brec_notification.pdf,100
/dept//recycle/composting.htm,100
/dept//recycle/natresources.htm,100
/dept/a,100
/dept/adjudication,100
/dept/animal/acaec.htm,100
/dept/animal/adoption.htm,100
/dept/animal/coyote...,100
/dept/animal/images/copperhead.jpg,100
/dept/animal/images/coral.jpg,100
/dept/animal/vetlist.htm,100
/dept/bewib/center.htm,100
/dept/board.htm,100
/dept/bred/pdfpolice_duties.pdf,100
/dept/breib,100
/dept/brib/center.htm,100
/dept/brpd/adminorgchart.pdf,100
/dept/brpd/citycourt,100
/dept/brpd/csr/definition.htm,100
/dept/brpd/csr/definitions.htm,100
/dept/brpd/csr/images/district4.gif,100
/dept/brpd/goo,100
/dept/brpd/interactive/mailto:brpdalarm@brgov.com,100
/dept/brpd/news/õúë,100
/dept/brpd/news/dept/finance/businessregistration.htm,100
/dept/brpd/news/images/a,100
/dept/brpd/news/images/oservices.gif,100
/dept/brpd/news/july,100
/dept/brpd/news/pdfs/01-03-07_one_arrested_two_sought.pdf,100
/dept/brpd/news/pdfs/01-18-07_child_dies_after_being_run.pdf,100
/dept/brpd/news/pdfs/01-23-12_update_gerald_dr_shooting.pdf,100
/dept/brpd/news/pdfs/02-02-07_witnesses_sought_in_villa.pdf,100
/dept/brpd/news/pdfs/02-21-11_scenic_hwy,100
/dept/brpd/news/pdfs/02-21-11_scenic_hwy...,100
/dept/brpd/news/pdfs/02-24-09_autopsy,100
/dept/brpd/news/pdfs/04-20-10_,100
/dept/brpd/news/pdfs/05-01-17_cold_case_update.pdf,100
/dept/brpd/news/pdfs/05-05-09_house_fire_murder.pdf,100
/dept/brpd/news/pdfs/05-09-12_iberia_bank_robbery_arrest.pdf,100
/dept/brpd/news/pdfs/05-23-08_,100
/dept/brpd/news/pdfs/08-09-13_school_zone_resume.pdf,100
/dept/brpd/news/pdfs/08-11-11_drug_arrest_food_mart.pdf/rk=0/rs=ocgkqow6aj7zdspvy2qna.669bo-,100
/dept/brpd/news/pdfs/08-11-11_drug_arrest_food_mart.pdf/rk=0/rs=zaiwx5ohg6zsoz3wpitzao_ly3s-,100
/dept/brpd/news/pdfs/09-11-10_major_traffic...,100
/dept/brpd/news/pdfs/09-24-08_victim_in_club_shooting_dies.pdf,100
/dept/brpd/news/pdfs/09-26-09_fatality.pdf,100
/dept/brpd/news/pdfs/10-11-07_swat_wins_competition.pdf,100
/dept/brpd/news/pdfs/10-25-12_marijuana_arrests.pdf,100
/dept/brpd/news/pdfs/11_15_99.pdf,100
/dept/brpd/news/pdfs/11-03-08_ed_coulter_charged.pdf,100
/dept/brpd/news/pdfs/11-23-06_thanksgiving_morning_homicide.pdf,100
/dept/brpd/news/pdfs/12_29_,100
/dept/brpd/news/pdfs/12_8_99.pdf,100
/dept/brpd/news/pdfs/12_9_99.pdf,100
/dept/brpd/news/pdfs/12-24-14,100
/dept/brpd/news/pdfs/20060924_1shooting_620_s_river_rd.pdf,100
/dept/brpd/news/pdfs/20060924_3shooting_620_s_river_rd_update_2.pdf,100
/dept/brpd/news/pdfs/20061007_1700_college_fatality.pdf,100
/dept/brpd/news/pdfs/20070327,100
/dept/brpd/news/pdfs/50,100
/dept/brpd/news/pdfs/50+charged+in+prostitution+stings.pdf,100
/dept/brpd/news/pdfs/brpd_accreditation_on-site_scheduled.pdf,100
/dept/brpd/news/pdfs/circle_k_robbery.pdf,100
/dept/brpd/news/pdfs/grand_jury_clears_officer_in_shooting.pdf,100
/dept/brpd/news/pdfs/images/malcolm_harold.jpg,100
/dept/brpd/news/pdfs/images/photo.jpg,100
/dept/brpd/news/pdfs/less_lethal_weapons_deployed.pdf,100
/dept/brpd/news/pdfs/lt._vickie_wax_shot_to_death.pdf,100
/dept/brpd/news/pdfs/metternich_funeral...,100
/dept/brpd/news/pdfs/mother_charged_with_cruelty.pdf,100
/dept/brpd/news/pdfs/officer_charged_with_simple_battery.pdf,100
/dept/brpd/news/pdfs/officer_involved_in_fatal_crash.pdf,100
/dept/brpd/news/pdfs/officer_involved_shooting.pdf,100
/dept/brpd/news/pdfs/officer_sauls_arrested.pdf,100
/dept/brpd/news/pdfs/pace_murder_investigation_update.pdf,100
/dept/brpd/news/pdfs/pursuit_ends_in_arrests.pdf,100
/dept/brpd/news/pdfs/update_on_police_shooting.pdf,100
/dept/brpd/pdf/accreditation3.pdf,100
/dept/brpd/pdf/brpd-2013.pdf,100
/dept/brpd/pdf/firefighter_duties.pdf,100
/dept/brpd/pdf/payandbenefits.pdf,100
/dept/brpd/pdf/police_duties.pclf,100
/dept/brpd/pdf/police_duties.pd...,100
/dept/brpd/pdf/police_duties.pdf-,100
/dept/brpd/pdf/-police_duties.pdf,100
/dept/brpd/pdf/police_duties.pdf/,100
/dept/brpd/pdf/police_duties.pdf],100
/dept/brpd/pdf/police_duties.pdf`,100
/dept/brpd/pdf/police_duties.pdf>,100
/dept/brpd/pdf/police_duties.pdfhttp://www.myjobsearch.com/careers/police-officer.html,100
/dept/brpd/pdf/police_duties.pdfhttps://brgov.com/dept/brpd/pdf/police_duties.pdf,100
/dept/brpd/pdf/police_duties.pdfiv.,100
/dept/brpd/pdf/police_duties.pdfrgpf,100
/dept/brpd/pdf/police_dutiespdf,100
/dept/brpd/pdf/police-tt.pdf,100
/dept/brpd/pdf/policies-duties,100
/dept/brpd/pdf/sheriff_duties.pdf,100
/dept/brpd/pdf/vigil.pdfanism,100
/dept/brpd/pdfpoliceduties.pdf,100
/dept/brpd/phon…,100
/dept/brpd/pmapsel.asp,100
/dept/brpd/safety.htm),100
/dept/brpd/sexoffenders,100
/dept/brpd/specialops,100
/dept/brpd/specialops.html,100
/dept/brpd/www.brgov.com/dept/dept/dept/dept/dept/dept/dept/dept/dept/dept/dept/dept/dept/dept/dept/dept/planning/dept/planning/dept/planning/dept/dept/dept/planning/dept/dept/planning/dept/dept/dept/dept/dept/dept/planning/calendar/,100
/dept/brpd2/df/police_duties.pdf,100
/dept/brpd2/news/pdfs/06-11-07_department_award_winners_honored.pdf,100
/dept/brpd2/news/pdfs/09-25-14_update_obscenity_investigation.pdf,100
/dept/brpd2/pdf/criminal_investigators.pdf,100
/dept/brpd2/pdf/police_duties.pdf.,100
/dept/brpd2/pdf/policezonemap.pdf,100
/dept/brpgoogled/pdf/police_duties.pdf,100
/dept/brpt/pdf/police-duties.pdf,100
/dept/brwib/ce,100
/dept/brwib/center.com,100
/dept/brwib/center.htlm,100
/dept/brwib/center.htm),100
/dept/brwib/center.htm2e0!6s/geo0.ggpht.com/cbk,100
/dept/brwib/pdf/wiborg.pdf,100
/dept/brwilb/center.htm,100
/dept/burps/csr/,100
/dept/cd/of.html,100
/dept/citicourt/,100
/dept/city.couty,100
/dept/cityccourt,100
/dept/citycor/,100
/dept/citycou,100
/dept/citycourt//department.htm,100
/dept/citycourt//emergencycourt.htm,100
/dept/citycourt/appealsfact.htm,100
/dept/citycourt/careers,100
/dept/citycourt/clerk,100
/dept/citycourt/dept/council/expire.asp,100
/dept/citycourt/eviction,100
/dept/citycourt/forms,100
/dept/citycourt/goog,100
/dept/citycourt/http://google.com/,100
/dept/citycourt/https://www.google.com/,100
/dept/citycourt/interforms.htm&apos,100
/dept/citycourt/interforms/trafficaffidavitpursuanta892_1.pdf,100
/dept/citycourt/intersorms.htm,100
/dept/citycourt/norfolk,100
/dept/citycourt/pdf/civilmotionorderjudgmentofdismissal.pdf,100
/dept/citycourt/pdf/defendant&apos,100
/dept/citycourt/pdf/educationarehabprograms.pdf,100
/dept/citycourt/pdf/evivtion.pdf,100
/dept/citycourt/pdf/holidays2014.pdfwww.usps.com,100
/dept/citycourt/pdf/judicialdistrictmap.pdf.,100
/dept/citycourt/pdf/small,100
/dept/citycourt/pdf/trafficmotionsetasidedismissal.pdf,100
/dept/citycourt/service,100
/dept/citycourt/tickets,100
/dept/citycourt/traffic.htmf,100
/dept/citycourt/warrants/hi,100
/dept/citycourt/warrants/pintrest,100
/dept/citycourtcarerrs.com,100
/dept/citycourty,100
/dept/citycoutr/,100
/dept/citycoyrt/,100
/dept/citycurt/,100
/dept/cityourt/,100
/dept/cns/pdf/guide03.pdf,100
/dept/coroner/faq.htm,100
/dept/cort,100
/dept/cory,100
/dept/coty/court/,100
/dept/council/<https://urldefense.proofpoint.com/v2/url,100
/dept/council/agendarequest/default,100
/dept/council/agendas/additional.pdf,100
/dept/council/agendas/additional.pdfwe,100
/dept/council/agendas/attachments/2016/legislation_5ff5b790.pdf,100
/dept/council/agendas/attachments/2017/legislation_6000b78f.pdf,100
/dept/council/agendas/minutes/minutes20151102.pdf,100
/dept/council/agendas/minutes/minutes20151410.pdf,100
/dept/council/agendas/minutes/minutes20152502.pdf,100
/dept/council/agendas/minutes/minutes20160709.pdf,100
/dept/council/agendas/minutes/minutes20160911.pdf,100
/dept/council/agendas/minutes/minutes20161412.pdf,100
/dept/council/agendas/minutes/minutes20162601.pdf,100
/dept/council/agendas/minutes/minutes20172607.pdf,100
/dept/council/agendas/whos-who.pdf,100
/dept/council/code.asp&arubalp=be99e700-9d4a-4a44-8d9b-8023871ebd,100
/dept/council/councilform.asp.aand,100
/dept/council/d6/d6backtoschooextravaganza9th.asp,100
/dept/council/districts.htm,100
/dept/council/expire.aspe,100
/dept/council/images/chauna.jpg,100
/dept/council/lookup.a,100
/dept/council/mc02.asp.,100
/dept/council/mc03.aspcnn,100
/dept/council/mc05.asp>,100
/dept/council/pdfs/d1northlandfill.pdf,100
/dept/council/pdfs/d5inaction.pdf,100
/dept/council/pdfs/d5lettercommunity.pdf,100
/dept/council/pdfs/d5newsletter.pdf,100
/dept/council/pdfs/dist6news.pdf,100
/dept/council/pdfs/district10news.pdf,100
/dept/courts,100
/dept/creditunion/+e.ads[0].url+,100
/dept/creditunion/accounts,100
/dept/creditunion/adastatement.htm,100
/dept/creditunion/api/home/nsp_feature1,100
/dept/creditunion/api/home/status/association,100
/dept/creditunion/api/home/status/led,100
/dept/creditunion/api/install/install_page,100
/dept/creditunion/api/system/led/dimming/enabled,100
/dept/creditunion/api/system/terminal_info,100
/dept/creditunion/api/system/wifi/lan,100
/dept/creditunion/browserconfig.xml,100
/dept/creditunion/dept/citycourt/warrants/,100
/dept/creditunion/dept/council/,100
/dept/creditunion/dept/creditunion/,100
/dept/creditunion/dept/dpw/inspections/,100
/dept/creditunion/dept/finance/businessregistration.htm,100
/dept/creditunion/dept/hr/,100
/dept/creditunion/dept/hr/insurance.htm,100
/dept/creditunion/dept/mayor/,100
/dept/creditunion/dept/parishattorney/,100
/dept/creditunion/dept/parishattorney/goto.htm,100
/dept/creditunion/disclaimer.htm,100
/dept/creditunion/favicon.ico,100
/dept/creditunion/images/hdcreditunion.jpg,100
/dept/creditunion/metro21/,100
/dept/creditunion/nw5jfja2sh4c9dgcbp1/nc2aum10vlvoy2nw1o/ay2a8kj4o9y9lhoyr,100
/dept/creditunion/oserv.htm,100
/dept/creditunion/plan/,100
/dept/creditunion/privacystatement.htm,100
/dept/creditunion/rss/,100
/dept/creditunion/socmeterms.htm,100
/dept/creditunion/traffic/,100
/dept/creditunion/wp-login.php,100
/dept/crkcc/pdf/healthfair.pdf,100
/dept/cutycourt,100
/dept/cutycourt/,100
/dept/ddd/4th/pdf/4thhilton.pdf,100
/dept/ddd/bikeunit.htm,100
/dept/ddd/bluemap.htm,100
/dept/ddd/dma.htm,100
/dept/ddd/dtncard.htm,100
/dept/ddd/events/05laf.htm,100
/dept/ddd/events/gumbo.htm,100
/dept/ddd/events/huey.htm,100
/dept/ddd/events/laffall.htm,100
/dept/ddd/events/liveafterfive.htm,100
/dept/ddd/events/lollapalooza.htm,100
/dept/ddd/events/pdf/hiltonflapper.pdf,100
/dept/ddd/lasm/current.htm,100
/dept/ddd/leaseprop/lease3rd.htm,100
/dept/ddd/mardigras/artemis.htm,100
/dept/ddd/paradechampions.htm,100
/dept/ddd/pdf/03parkingguide.pdf,100
/dept/ddd/pdf/homesafe.pdf,100
/dept/ddd/projects1987.htm,100
/dept/ddd/wifi.htm,100
/dept/ddd/ymca.htm,100
/dept/dept/council/code.asp,100
/dept/dept/council/expire.asp,100
/dept/dhds/&h=atm6klya5o0osrjxj4hbgaiqyzdg4zjac3dedaqdvux9xk2qovzc8z-qy798dvzw5c8nh2os-3h3wu7ry7gcxp1yggv4jokso9e3otf0muadsyjgkgzjlaccjw3qvaq6wrad04w9,100
/dept/dpw/311,100
/dept/dpw/buildinggrounds/default,100
/dept/dpw/dpw,100
/dept/dpw/ebrfloodmaps.htm,100
"/dept/dpw/ebrpmaps/22033c0165e.pdf,nkui",100
/dept/dpw/ebrpmaps/22033c0190e.pdf,100
/dept/dpw/ebrpmaps/22033c0235e.pdf,100
/dept/dpw/ebrpmaps/22033c0265ef.pdf,100
/dept/dpw/ebrpmaps/4855090290f.pdf,100
/dept/dpw/i...ions/pdf/papppay.pdf,100
/dept/dpw/images/06pnewkirk.jpg,100
/dept/dpw/inpections,100
/dept/dpw/ins=,100
/dept/dpw/inspectinos/default,100
/dept/dpw/inspections//,100
/dept/dpw/inspections/dpw,100
/dept/dpw/inspections/fenceinfo.htm=============,100
/dept/dpw/inspections/i,100
/dept/dpw/inspections/idlist=,100
/dept/dpw/inspections/pdf///dpwcgti/inspsections/commerical/forms/jkelly@brgov.com,100
/dept/dpw/inspections/pdf/676act.pdf,100
/dept/dpw/inspections/pdf/buildingvariance.pdf,100
/dept/dpw/inspections/pdf/ccertofcompletion.pdf,100
/dept/dpw/inspections/pdf/cdesignsupervision.pdf,100
/dept/dpw/inspections/pdf/certelevation.pdf,100
/dept/dpw/inspections/pdf/cinternationalplanreview.pdf,100
/dept/dpw/inspections/pdf/cstructuraldesign.pdf,100
/dept/dpw/inspections/pdf/cstructuraldesign.pdf/,100
/dept/dpw/inspections/pdf/dpw-switched-away-from/modularbldg.pdf,100
/dept/dpw/inspections/pdf/fenceinfo.pdf,100
/dept/dpw/inspections/pdf/independentfeecalc.pdf,100
/dept/dpw/inspections/pdf/masterplumbinglicenseapp17.pdf,100
/dept/dpw/inspections/pdf/mechapp.pdf,100
/dept/dpw/inspections/pdf/modmanhousinginfo.pdf,100
/dept/dpw/inspections/pdf/planreviewapp.pdf),100
/dept/dpw/inspections/pdf/rplansubmittal.pdf,100
/dept/dpw/inspections/pdf/solarinfo.pdf,100
/dept/dpw/inspections/pdf/tcihomeownerr.pdf,100
/dept/dpw/inspections/pdf/wwfeecalc.pdf,100
/dept/dpw/inspections/pdfold/appresidentialpermit.pdf,100
/dept/dpw/inspections/pdfold/cfoundation.pdf,100
/dept/dpw/inspections/pdfold/landscapefee.pdf,100
"/dept/dpw/inspections/rpermitinfo.htm,",100
/dept/dpw/inspecyoond,100
/dept/dpw/ipd,100
/dept/dpw/ipd/bikeped.htm,100
/dept/dpw/ipd/pdf/bike.pdf,100
/dept/dpw/ipd/pdf/smartgrowthaudit.pdf,100
/dept/dpw/solidwaste/pdf/collectiondays.pdf,100
/dept/dpw/solidwaste/pdf/garbagetrashcollection.pdf,100
/dept/dpw/solidwaste/pdf/goinggreen.pdf,100
/dept/dpw/traffic/closures.asp&h=faqhaeqja,100
/dept/dpw/traffic/closures.asp&usg=afqjcnfm6ytsfkwnooare1bl56xflnuyng,100
/dept/dpw/traffic/closures.asp.,100
/dept/dpw/traffic/pdf/flow,100
/dept/dpw/traffiv,100
/dept/dpw/workdev/manual/manual/dept/hr/insurance.htm,100
/dept/dqw/inspections/,100
/dept/dwp/traffic/closures,100
/dept/earlyheadstart/pdf/hsapp.pdf,100
/dept/email,100
/dept/ems/explorer.htm,100
/dept/ems/explorer/pdf/explorerflyer.pdf,100
/dept/eop/pdf/nursing,100
/dept/ers/brochures/dropentry.pdf,100
/dept/ers/pdf/agenda/cpersagenda.pdfhttp://theadvocate.com/home/9492520-125/jindal-wants-changes-in-common,100
/dept/ers/pdf/inv4thquarter14.pdf,100
/dept/ers/staff.html,100
/dept/ffinance,100
/dept/fi,100
/dept/fianance.,100
/dept/fiancne,100
/dept/finabce,100
/dept/finahnce,100
/dept/finaince,100
/dept/finan,100
/dept/finance.com/,100
/dept/finance.pin7885,100
/dept/finance/14budgetindex.htm.,100
/dept/finance/checklis.htm,100
/dept/finance/checklist.htmgoo,100
/dept/finance/dept/hr/,100
/dept/finance/forms/salesrequest.asp,100
/dept/finance/fprms,100
/dept/finance/nosolicitationsubdivisions.htm,100
/dept/finance/olt,100
/dept/finance/pdf/.../new_business_report_6-2013.pdf,100
/dept/finance/pdf/03-0...,100
/dept/finance/pdf/04cafr/2004,100
/dept/finance/pdf/06,100
/dept/finance/pdf/2016_cafr/cafr_2016.pdf,100
/dept/finance/pdf/active...,100
/dept/finance/pdf/bond_ratings_12-31-2015.pdf,100
/dept/finance/pdf/dept/council/councilform.asp,100
/dept/finance/pdf/metro21/stream.asp,100
/dept/finance/pdf/new20business20reports/new20business20listing-may202013.pdf,100
/dept/finance/pdf/new20business20reports/new20business20report2012-2012.pdf,100
/dept/finance/pdf/new20business20reports/newbusinessreport2001-2013.pdf,100
/dept/finance/pdf/newbusinesslisting-august08.pdf,100
/dept/finance/pdf/newbusinesslisting-february2007.pdf,100
/dept/finance/pdf/newbusinesslisting-january07.pdf,100
/dept/finance/pdf/newbusinesslisting-january09.pdf,100
/dept/finance/pdf/newbusinesslisting-june2009.pdf,100
/dept/finance/pdf/newbusinesslisting-october07.pdf,100
/dept/finance/pdf/newbusinesslisting-september,100
/dept/finance/pdf/newbusinessrepo0111.pdf,100
/dept/finance/pdf/newbusinessrepo1210.pdf,100
/dept/finance/pdf/newbusinessreport0210,100
/dept/finance/pdf/newbusinessreport0410.pdf,100
/dept/finance/pdf/newbusinessreport0909.pdf,100
/dept/finance/pdf/newbusinessreport1009.pdf,100
/dept/finance/pdf/newbusinessreport1010.pdf,100
/dept/finance/pdf/newbusinessreport2014.pdf,100
/dept/finance/pdf/newbusinessreport-april2009.pdf,100
/dept/finance/pdf/ruless.pdf,100
/dept/finance/pdf/salestaxform-jpi.pdf,100
/dept/finance/pdf/search.asp,100
/dept/finance/pdf/taxfacts-jan,100
/dept/finance/search.asp,100
/dept/finance/servicefee.htm.,100
/dept/finance/servicefee.html,100
/dept/finance20local,100
/dept/financerenewal,100
/dept/financr,100
/dept/fire/&,100
/dept/fire/bramas/registration,100
/dept/fire/com,100
/dept/fire/safety.htmoo,100
/dept/firedepartment,100
/dept/fncance,100
/dept/gitycourt/,100
/dept/h=5xxsodp9eonhizgzh3oa89mo6wf68iedrr42vrenr4wvs4++q8cuqfc8/9qndw6zbtqycforxao=,100
/dept/headstart&ved=0ahukewihyosay8dsahvmssykhumaa6sqfghsmam&usg=afqjcnfi9x-zg2jggvqmee8dskcvqrssyq&sig2=fg4ymtfbyndxefyekbci_w,100
/dept/headstart/pdahoo.comf/hsapp.pdf,100
/dept/headstart/pdf/2012-2013,100
/dept/headstart/pdf/crosswalk13_14.pdf,100
/dept/headstart/pdf/dhds_community_assessment.pdf>,100
/dept/headstart/pdf/earluyhsapp.pdf,100
/dept/headstart/pdf/ecorpt.pdf,100
/dept/headstart/pdf/haspp.pdf,100
/dept/headstart/pdf/hsapp.pdf2016-2-2early,100
/dept/hr/acct.htm,100
/dept/hr/acctand.htm,100
/dept/hr/clericalspec2.htm,100
/dept/hr/download.htm),100
/dept/hr/eexambreakfown.htm,100
/dept/hr/intern.htm.,100
/dept/hr/librpage.htm,100
/dept/hr/oracle/,100
/dept/hr/payroll/dirdep.pdf,100
/dept/hr/pdf/benefitscontact.pdf,100
/dept/hr/pdf/collegeinternship,100
/dept/hr/pdf/emsadmin,100
/dept/hr/pdf/jan.pdf,100
/dept/hr/pdf/may.pdf,100
/dept/hr/pdf/subjectareas.pdf,100
/dept/hr/stockclerk1.htm,100
/dept/hr/tpo1.htm,100
/dept/hr/videos/sh/story/html5.html,100
/dept/hr/videos/sh/story_hlml5.hlml,100
/dept/hr/videos/shs/storyhtml5.html,100
/dept/hrdownloadhtm,100
/dept/hrequaly,100
/dept/is,100
/dept/jinance,100
/dept/jjncc/pdf/bbexpo.pdf,100
/dept/jjncc/pdf/celebrationbillboard.pdf,100
/dept/jjnnc,100
/dept/juvenile/images/flowchart.gif&imgrefurl=,100
/dept/juvenile/intake.htm&docid=0rcn2sd1fzaslm&tbnid=ipttznu1035eem:&w=448&h=573&source=sh/x/im,100
/dept/juvenile/isp.htm.,100
/dept/juvenile/isp.htmf,100
/dept/mayer/myac,100
/dept/mayor,100
/dept/mayor/bio.htmgooglehttps://brgov.com/dept/mayor/bio.htmgooglehttps://brgov.com/dept/mayor/bio.htmgooglehttps://brgov.com/dept/mayor/bio.htmgooglehttps://brgov.com/dept/mayor/bio.htmgoogle,100
/dept/mayor/esummary.htm,100
/dept/mayor/hopezone/pdf/implementationreport.pdf,100
/dept/mayor/hopezone/pdf/implementationreport.pdf&ved=0ahukewj5usnavbtvahxgryykhyayaiqqfggomae&usg=afqjcnfj2mdxfpsw4bftjaeezhwbwwr_rq,100
/dept/mayor/images/hdmayor2.jpg,100
/dept/mayor/sbeapplication.htmhttp://,100
/dept/mayor/stateofthecitycopy.htm,100
"/dept/neighbors/>,",100
/dept/neighbors/fag.htm,100
/dept/npnlains/meetinssasendas.htm,100
/dept/ocd/....repair,100
/dept/ocd/.this,100
/dept/ocd/2004apsummary.htm,100
/dept/ocd/hou,100
/dept/ocd/housin,100
/dept/ocd/housinfag/homann.htm,100
/dept/ocd/housing/grant.html,100
/dept/ocd/housing/ha.htm,100
/dept/ocd/housing/housing.hrm,100
/dept/ocd/housing/null,100
/dept/ocd/housing/section8apply.htm,100
/dept/ocd/multi-family,100
/dept/ocd/paf/903/pdf,100
/dept/ocd/pdf/br-cps15-19ap15.pdf,100
/dept/ocd/pdf/ebr15-19cps-draft06-22.pdf,100
/dept/ocd/pdf/ebr-caper2011.pdf.thisreportprovidesboth,100
/dept/ocd/pdf/ebr-caper2012.pdf.thisreportprovidesboth,100
/dept/ocd/pdf/esgp04rfp.pdf,100
/dept/ocd/pdf/esgprfp03.pdf,100
/dept/ocd/pdf/fairhouse.pdf,100
/dept/ocd/pdf/finalrule.pdfhttp://www.commerce.wa.gov/programs/services/paint/pages/leadbasedpaintlawsandrules.aspx,100
/dept/ocd/sh,100
/dept/ocd/shelters/cc-org17.htm,100
/dept/ocd/shelters/ccunitymission.htm,100
/dept/ocd/shelters/shelter17.htm,100
/dept/ocdforaperiodof36days,100
/dept/oep/<http://www.brgov.com/dept/oep/hurricanprep.htm>hurricaneprep.htm,100
/dept/oep/courses/per240.htm,100
/dept/oep/dept/council/code.asp,100
/dept/oep/eventcalabder,100
/dept/oep/forms/school.htm,100
/dept/oep/hurricaneprep.htm#preparedness,100
/dept/oep/images/kyle.jpg,100
/dept/oep/mitigation/hmp/section5.pdf.,100
/dept/oep/pdf/atm-eoc.pdf.,100
/dept/oep/pdf/coopplan.pdf,100
/dept/oep/pdf/daycare,100
/dept/oep/pdf/daycaremodelemergencyplan.pdf,100
/dept/oep/pdf/familydisasterplan.pdf,100
/dept/oep/plan/annex],100
/dept/oep/plan/annexd/appendix9.pdf,100
/dept/oep/plan/annexf.html,100
/dept/oep/plan/annexg/appendix6public.pdf,100
/dept/oep/plan/annexn/appendix5.pdf,100
/dept/oep/plan/annexn/appendix8.pdf,100
/dept/olt,100
/dept/opdv/housing/hap.htm,100
/dept/os,100
/dept/parishattorney//abc.htm,100
/dept/parishattorney/abc.ht,100
/dept/parishattorney/pdf/classa.pdf,100
/dept/parishattorney/pdf/empaccidentillnessform.pdf,100
/dept/parishattorney/pdf/gchecklist.pdf,100
/dept/parishattorney/pdf/nonprofitspeventspermit.pdf,100
/dept/parishattorney/pdf/pdf/agenda.pdf,100
/dept/parishattorney/pdf/specialeventapp.pdf,100
/dept/parishattorney/reptrial.htm,100
/dept/parishattournety,100
/dept/pd/,100
/dept/plaanning,100
/dept/planing/adc/pdf,100
/dept/planing/meetingsagendas.,100
/dept/plannine/meetinesagendas.htm,100
/dept/plannine/meetingsagendas.htm,100
/dept/planning.pdf/agenda.pdf,100
/dept/planning/..pdf,100
/dept/planning//futurebr/pdf/parksrecreation.pdf,100
/dept/planning/06horizon10yend/06yehorizon10.pdf,100
/dept/planning/agendas/growthcenter.htm,100
/dept/planning/agendas/jan.htm/,100
/dept/planning/agendas/m,100
/dept/planning/agendas/monthl,100
/dept/planning/agendas/monthly/2016/02february/app/1-16.pdf,100
/dept/planning/agendas/monthly/2016/02february/app/pud-1-03.pdf,100
/dept/planning/agendas/monthly/2016/02february/app/sp-22-15.pdf,100
/dept/planning/agendas/monthly/2016/03march/app/6-16.pdf,100
/dept/planning/agendas/monthly/2016/03march/app/pud-2-00.pdf,100
/dept/planning/agendas/monthly/2016/03march/sr/s-2-16.pdf,100
/dept/planning/agendas/monthly/2016/04april/sr/pud-4-12-cp.pdf,100
/dept/planning/agendas/monthly/2016/05may/app/pud-2-00.pdf,100
/dept/planning/agendas/monthly/2016/05may/app/s-3-16.pdf,100
/dept/planning/agendas/monthly/2016/05may/app/spud-2-06.pdf,100
/dept/planning/agendas/monthly/2016/05may/may_16_2016_agenda_results.pdf,100
/dept/planning/agendas/monthly/2016/05may/may_16_2016_preli,100
/dept/planning/agendas/monthly/2016/05may/sr/pa-2-16.pdf,100
/dept/planning/agendas/monthly/2016/05may/sr/s-3-16.pdf,100
/dept/planning/agendas/monthly/2016/06june/app/19-16.pdf,100
/dept/planning/agendas/monthly/2016/06june/june_20_2016_preliminary_agenda.pdf,100
/dept/planning/agendas/monthly/2016/06june/sr/24-16.pdf,100
/dept/planning/agendas/monthly/2016/06june/sr/s-1-16.pdf,100
/dept/planning/agendas/monthly/2016/06june/sr/spud-2-16.pdf,100
/dept/planning/agendas/monthly/2016/06june/sr/ta-3-16.pdf,100
/dept/planning/agendas/monthly/2016/07july/app/pud-2-00_fdpzax.pdf,100
/dept/planning/agendas/monthly/2016/07july/sr/pud-2-00_fdpinfra.pdf,100
/dept/planning/agendas/monthly/2016/07july/sr/rv-8-16.pdf,100
/dept/planning/agendas/monthly/2016/08august/app/40-16.pdf,100
/dept/planning/agendas/monthly/2016/08august/app/letter.pdf,100
/dept/planning/agendas/monthly/2016/08august/sr/38-16.pdf,100
/dept/planning/agendas/monthly/2016/09september/app/48-16.pdf,100
/dept/planning/agendas/monthly/2016/09september/september_19_2016_agenda.pdf,100
/dept/planning/agendas/monthly/2016/09september/sr/pud-1-04_fdp.pdf,100
/dept/planning/agendas/monthly/2016/10october/app/pud-2-00.pdf,100
/dept/planning/agendas/monthly/2016/11november/app/cup-6-09.pdf,100
/dept/planning/agendas/monthly/2016/11november/app/spud-4-14.pdf,100
/dept/planning/agendas/monthly/2016/12december/app/ispud-8-13.pdf,100
/dept/planning/agendas/monthly/2016/12december/app/s-8-16.pdf,100
/dept/planning/agendas/monthly/2016/february/february_15_2016_preliminary_agenda.pdf,100
/dept/planning/agendas/monthly/2016/january/app/58-15.pdf,100
/dept/planning/agendas/monthly/2016/january/brhd_masterplan_final.pdf,100
/dept/planning/agendas/monthly/2016/january/brhd_masterplan_final_.pdf,100
/dept/planning/agendas/monthly/2016/january/sr/pud-4-09.pdf,100
/dept/planning/agendas/monthly/2016/january/sr/sp-21-15.pdf,100
/dept/planning/agendas/monthly/2017/02february/app/2-17.pdf,100
/dept/planning/agendas/monthly/2017/02february/february_20_2017_preliminary_agenda.pdf,100
/dept/planning/agendas/monthly/2017/05may/app/25-17,100
/dept/planning/agendas/monthly/2017/05may/app/pud-5-07_fdp.pdf,100
/dept/planning/agendas/monthly/2017/05may/ma,100
/dept/planning/agendas/monthly/2017/05may/may_15_2017_agenda.pdf,100
/dept/planning/agendas/monthly/2017/06june/june_19_2017_agenda.pdf,100
/dept/planning/agendas/monthly/2017/06june/june_19_2017_agenda_results.pdf,100
/dept/planning/agendas/monthly/2017/08august/app/pa-16-17.pdf,100
/dept/planning/agendas/monthly/2017/08august/app/pud-4-10.pdf,100
/dept/planning/agendas/monthly/2017/11november/app/89-17.pdf,100
/dept/planning/agendas/monthly/2017/11november/app/ispud-4-17.pdf,100
/dept/planning/agendas/monthly/2017/11november/app/pud-1-15.pdfhttp://brgov.com/dept/planning/agendas/monthly/2017/11november/app/sp-25-17.pdf,100
/dept/planning/agendas/monthly/2017/11november/november_13_2017_preliminary_agenda.pdf,100
/dept/planning/agendas/monthly/2017/12december/december_18_2017,100
/dept/planning/agendas/monthly/2018/01january/app/92-17.pdf,100
/dept/planning/agendas/monthly/2018/01january/app/sp-28-17.pdf,100
/dept/planning/agendas/monthly/2018/01january/app/spud-3-17.pdf.,100
/dept/planning/agendas/monthly/2018/01january/app/spud-5-00.pdf,100
/dept/planning/agendas/monthly/2018/03march/app/pud-17-06fdp.pdf,100
/dept/planning/agendas/monthly/2018/03march/app/spud-3-17.pdf,100
/dept/planning/agendas/monthly/august/sr/32-15.pdf,100
/dept/planning/agendas/monthly/august/sr/pud-15-06.pdf,100
/dept/planning/agendas/monthly/august/sr/pud-15-6.pdf,100
/dept/planning/agendas/monthly/december/apps/pk-3-15,100
/dept/planning/agendas/monthly/december/apps/pud-4-09.pdf,100
/dept/planning/agendas/monthly/december/apps/s-10-15.pdf,100
/dept/planning/agendas/monthly/december/sr/tnd-1-07-c.pdf,100
/dept/planning/agendas/monthly/december/sr/tnd-1-07-cp.pdf,100
/dept/planning/agendas/monthly/july/app/22-15andpa-5-15.pdf,100
/dept/planning/agendas/monthly/july/sr/23-15.pdf,100
/dept/planning/agendas/monthly/november/apps/ispud-5-15.pdf,100
/dept/planning/agendas/monthly/november/apps/spud-4-15.pdf/,100
/dept/planning/agendas/monthly/november/november_16_2015_regularagenda.pdf,100
/dept/planning/agendas/monthly/november/sr/pud-4-12-fdp.pdf,100
/dept/planning/agendas/monthly/october/apps/pud-4-12.pdf,100
/dept/planning/agendas/monthly/september/sp/sp-17-15.pdf,100
/dept/planning/agendascalendar/,100
/dept/planning/agendascalendar/current.asp,100
/dept/planning/applications.pdf,100
/dept/planning/applications/ispudchecklist.pdf,100
/dept/planning/applications/preliminaryplatchecklist.pdf,100
/dept/planning/applications/rezoning.pdf,100
/dept/planning/april.htm,100
/dept/planning/bike/meetings.htm,100
/dept/planning/bike/pdf/bikemap.pdfhttp://brgov.com/dept/planning/bike/pdf/bikemap.pdf,100
/dept/planning/bike/pdf/bikemasterplan.pdf/,100
/dept/planning/bike/pdf/walkshedsmap.pdf,100
/dept/planning/bikebr/pdf/bike_skill_level.pdf,100
/dept/planning/calendar/2016/january.htm,100
/dept/planning/calendar/2017/,100
/dept/planning/case-agenda/pud-1-04.pdf,100
/dept/planning/case-agenda/s-8-14.pdf,100
/dept/planning/case-agenda/spud-1-15.pdf,100
/dept/planning/case-agenda/spud-7-14.pdf,100
/dept/planning/comprehensiveplan/pdf/02sccdp-frontmatter.pdf,100
/dept/planning/comprehensiveplan/pdf/04sccdp-existingconditions.pdf,100
/dept/planning/comprehensiveplan/pdf/fbrhousinge.pdf,100
/dept/planning/conserve/www.lsuagcenter.com/en/environment/conservation/dept/dept/dept/dept/dept/dept/dept/dept/council/code.asp,100
/dept/planning/default_copy_donotalter,100
/dept/planning/default1.htm,100
/dept/planning/design/pdf/urbandesignhandbook.pd,100
/dept/planning/design/pdf/urbandesignhandbook/pdf,100
/dept/planning/draftord/.pdf,100
/dept/planning/draftord/census10/images/ct34.gif,100
/dept/planning/draftord/ch2.pdf,100
/dept/planning/draftord/ch4.pdf,100
/dept/planning/draftord/ordpromonument.pdf,100
/dept/planning/draftord/ordpropylon.pdf,100
/dept/planning/econdev/empservices.htm),100
/dept/planning/econdev/pdf/pdep11a.pdf,100
/dept/planning/econdev/pdf/pdep12a.pdf,100
/dept/planning/econdev/pdf/pdep13a.pdf,100
/dept/planning/econdev/pdf/pdep1a.pdf,100
/dept/planning/econdev/pdf/pdep2a.pdf,100
/dept/planning/econdev/pdf/pdep5a.pdf,100
/dept/planning/f,100
/dept/planning/facts.ht,100
/dept/planning/futurebr/pdf/parksrecreation.pdf,100
/dept/planning/futurebr/pdf/publicservicesupdated.pdf,100
"/dept/planning/gcenters/centers.htm&usg=afqjcneaef5tw-zuitmjgljb0hohjlezhw&sig2=dlddan9dv7u-rv04rp6m5w&bvm=bv.133178914,d.c2i",100
/dept/planning/gcenters/gc14.htm,100
/dept/planning/gcenters/gc15.htm,100
/dept/planning/gcenters/gc2/gc2analysismap.pdf,100
/dept/planning/gcenters/gc20.htm,100
/dept/planning/gcenters/gc4/survey.pdf,100
/dept/planning/gcenters/gc6.htm,100
/dept/planning/gcenters/images/gc27pilgrim.jpg,100
/dept/planning/gcenters/pdf/gc12profile.pdf,100
/dept/planning/gcenters/pdf/gc13analysismap.pdf,100
/dept/planning/gcenters/pdf/gc18surveyresults.pdf,100
/dept/planning/gcenters/pdf/gc20neighborhoodsurvey.pdf,100
/dept/planning/gcenters/pdf/gc7analysis.pdf,100
/dept/planning/gcenters/pdf/gc7surveyresults.pdf,100
/dept/planning/gcenters/pdf/gc8analysismap.pdf,100
/dept/planning/geographic,100
/dept/planning/historic/pdf/sjafinal.pdf,100
/dept/planning/historic/pdf/spanish,100
/dept/planning/historicpreservation/pdf/goalspoliciesprocedures.pdf,100
/dept/planning/historicpreservation/pdf/zeelandpace,100
/dept/planning/homepage.htm,100
/dept/planning/horizon10/pdf/appendix,100
/dept/planning/horizon5yr/pdf/appa.pdf,100
/dept/planning/horizon5yr/pdf/ch3.pdf,100
/dept/planning/horizonplan/horizon.htm,100
/dept/planning/hpcmembers.htm,100
/dept/planning/idast,100
/dept/planning/images/a-br.gif,100
/dept/planning/ldast,100
/dept/planning/ldast//dept/planning/conserve/ldast/about1.html,100
/dept/planning/ldast/default2,100
/dept/planning/ldast/default20.htm,100
/dept/planning/ldast/dev/test.html,100
/dept/planning/ldast/ldast_user_guide_v4.2_web.pdf,100
/dept/planning/ldast/pdfs/2014/april/tnd-1-07.pdf,100
/dept/planning/ldast/pdfs/2014/june/.pdf,100
/dept/planning/ldast/pdfs/2014/june/spud-1-14.pdfhttp://brgov.com/dept/planning/ldast/pdfs/2014/june/spud-1-14.pdf,100
/dept/planning/ldast/pdfs/2014/march/pud-17-06.pdf,100
/dept/planning/ldast/pdfs/2014/march/pud-17-06.pdf&cd=6&ved=0ccoqfjaf&usg=afqjcnfm6ha7bijr3ryjsapvfuxhhoz1kq,100
/dept/planning/ldast/pdfs/2014/may/16-14.pdf,100
/dept/planning/ldast/pdfs/2014/november/cup-9-14andwt-4-14.pdf,100
/dept/planning/ldast/pdfs/2014/november/pud-4-10.pdf,100
/dept/planning/ldast/pdfs/2014/september/ispud-4-14.pdf,100
/dept/planning/ldast/pdfs/2015/12december/.pdf,100
/dept/planning/ldast/pdfs/2016/04april/pud-4-12-cp.pdf,100
/dept/planning/ldast/pdfs/2016/10october/s-6-16.pdf,100
/dept/planning/ldast/pdfs/2016/12december/62-16.pdf,100
/dept/planning/ldast/pdfs/2016/12december/s-7-16.pdf,100
/dept/planning/ldast/pdfs/pud_3-00.pdf,100
/dept/planning/ldast/test.htm,100
/dept/planning/maps,100
/dept/planning/meeetingsagendas.htm,100
/dept/planning/meetinesagendas.htm,100
/dept/planning/meeting,100
/dept/planning/meetingagenda.hmt,100
/dept/planning/meetingagendashtm,100
/dept/planning/meetingsagendas.t,100
/dept/planning/meetinsagendas,100
/dept/planning/mimages/cup-8-14.pdf,100
/dept/planning/mimages/pud3-08.pdf,100
/dept/planning/mimages/s-3-14.pdf,100
/dept/planning/mmetingsagendas.htm,100
/dept/planning/mneestiaeendas.htm,100
/dept/planning/pdf/2010yearend.pdf,100
/dept/planning/pdf/a-9reasonableaccommodation.pdf,100
/dept/planning/pdf/agenda/agenda/pdf,100
/dept/planning/pdf/agenda/planning.pdf,100
/dept/planning/pdf/agendas/agandaz.pdf,100
/dept/planning/pdf/agendas/agemda2.pdf,100
/dept/planning/pdf/agendas/agendap.pdf,100
/dept/planning/pdf/agendas/agendaz,100
"/dept/planning/pdf/agendas/agendaz.pdf,",100
/dept/planning/pdf/agendas/agendaz/pdf,100
/dept/planning/pdf/agendas/agendazhw.pdf,100
/dept/planning/pdf/agendas/planning.pd,100
/dept/planning/pdf/agendas/planning.pdf,100
/dept/planning/pdf/annualreport.pdf,100
/dept/planning/pdf/apps/a12aapp.pdf,100
/dept/planning/pdf/apps/a20,100
/dept/planning/pdf/apps/a21_dist.pdf,100
/dept/planning/pdf/apps/a-22bapp.pdf,100
/dept/planning/pdf/apps/a4sitechecklist.pdf,100
/dept/planning/pdf/apps/conditionalusesiteplanchecklist.pdf,100
/dept/planning/pdf/apps/ispudchecklist.pdf,100
/dept/planning/pdf/apps/mobilehomeparkchecklist.pdf,100
/dept/planning/pdf/apps/tnd_finaldevelopmentplanchecklist.pdf,100
/dept/planning/pdf/apps/wirelesstowersiteplanchecklist.pdf,100
/dept/planning/pdf/bmp3.pdf,100
/dept/planning/pdf/bmp6.pdf,100
/dept/planning/pdf/bulletins/bull00.pdf,100
/dept/planning/pdf/bulletins/bull11.pdf,100
/dept/planning/pdf/bulletins/bull14.pdf,100
/dept/planning/pdf/bulletins/bull15.pdf,100
/dept/planning/pdf/bulletins/bull37.pdf,100
/dept/planning/pdf/bulletins/bull38.pdf,100
/dept/planning/pdf/bulletins/bull39.pdf,100
/dept/planning/pdf/bulletins/bull43.pdf,100
/dept/planning/pdf/bulletins/bull45.pdf,100
/dept/planning/pdf/bulletins/bull46.pdf,100
/dept/planning/pdf/bulletins/bull47.pdf,100
/dept/planning/pdf/bulletins/bull48,100
/dept/planning/pdf/bulletins/bull48.pdf,100
/dept/planning/pdf/bulletins/bull61.pdf,100
/dept/planning/pdf/bulletins/bull65.pdf,100
/dept/planning/pdf/bulletins/bull67.pdf,100
/dept/planning/pdf/bulletins/bull73.pdf,100
/dept/planning/pdf/bulletins/bull83.pdf,100
/dept/planning/pdf/bulletins/bull86.pdf,100
/dept/planning/pdf/bulletins/cppc_and_public_notification.pdf,100
/dept/planning/pdf/bulletins/cppc_seeks_public_participation.pdf,100
"/dept/planning/pdf/fbredeve,pdf",100
/dept/planning/pdf/fbrplane.pdf,100
/dept/planning/pdf/frbvisione.pdf,100
/dept/planning/pdf/fututebrposters.pdf,100
/dept/planning/pdf/gray.pdf,100
/dept/planning/pdf/gray2.pdf,100
/dept/planning/pdf/healthdistrictplan.pdf,100
/dept/planning/pdf/hydrolic/.pdf,100
/dept/planning/pdf/impactstudy.pdf,100
/dept/planning/pdf/nicholson-corridor-plan.pdftake,100
/dept/planning/pdf/rfqplan.pdf,100
/dept/planning/pdf/rfqquestions.pdf,100
/dept/planning/pdf/subdivisionmaps.pdf,100
/dept/planning/pdf/subdivisionwallmap.pdf,100
/dept/planning/pdf/zoning,100
/dept/planning/pdf/zoningthematicm,100
/dept/planning/pdt/agendas/agenda7.pdf,100
/dept/planning/prelim/.../spud-1-15.pdf,100
/dept/planning/prelim/applications/may/pud-1-11.pdf,100
/dept/planning/prelim/applications/sp-6-15.pdf,100
/dept/planning/prelim/applications/spud-1-15app.pdf,100
/dept/planning/prelim/applications/wt-1-15.pdf,100
/dept/planning/prelim/cup-11-14.pdf,100
/dept/planning/prelim/cup-11-14.pdf....they,100
/dept/planning/prelim/ispud-1-15.pdf,100
/dept/planning/prelim/june_15_2015_preliminary052015.pdf,100
/dept/planning/prelim/sp-9-15app.pdf,100
/dept/planning/prelim/spud-1-15.pdf,100
/dept/planning/presentations/futurebrvision_2011.pdf,100
/dept/planning/presentations/watershedplanning_2011.pdf,100
/dept/planning/redesign/brownfields/brownsfields.htm,100
/dept/planning/redesign/concepts.htm,100
/dept/planning/redesign/conservation/news.htm,100
/dept/planning/redesign/default_copy.asp,100
/dept/planning/redesign/economicdevelopment/agencydriectory.htm,100
/dept/planning/redesign/economicdevelopment/educationservices.htm,100
/dept/planning/redesign/environmental.htm,100
/dept/planning/redesign/environmental/..pdfbulletinsbull83.pdf,100
/dept/planning/redesign/environmental/pdf/bcg_kemp.pdf,100
/dept/planning/redesign/environmental/pdf/wqecminutes.htm,100
/dept/planning/redesign/environmental/surfacewater.htm,100
/dept/planning/redesign/environmental/www.brgov.com/dept/planning/redesign/environmental/pdf/bmptoc.pdf,100
/dept/planning/redesign/gis.htm,100
/dept/planning/redesign/includes/ebr-completestreets-vision-policy.pdf,100
/dept/planning/redesign/includes/images/ebr-completestreets-vision-policy.pdf,100
/dept/planning/redesign/includes/organizationalchart.pdf,100
/dept/planning/redesign/includes/pcmembers.htm,100
/dept/planning/redesign/includes/planningcommissionmembers@brgov.com,100
/dept/planning/redesign/may.htm,100
/dept/planning/resdeign/planningcommission.htm,100
/dept/planning/streetsu,100
/dept/planning/stsubmaps/1930.pdf,100
/dept/planning/stsubmaps/bese.pdf,100
/dept/planning/stsubmaps/bicyclepaths.pdf,100
/dept/planning/stsubmaps/cimedistricts.pdf,100
/dept/planning/stsubmaps/conservation.pdf,100
/dept/planning/stsubmaps/councildistricts.pdf,100
/dept/planning/stsubmaps/elumap.pef,100
/dept/planning/stsubmaps/healthcare.pdf,100
/dept/planning/stsubmaps/justicedistrictd.pdf,100
/dept/planning/stsubmaps/lightingdistricts.pdf,100
/dept/planning/stsubmaps/planning.pdf,100
/dept/planning/stsubmaps/pointsofinterest.pdf,100
/dept/planning/stsubmaps/policedistricts,100
/dept/planning/stsubmaps/streetnamelistings.pdf,100
/dept/planning/stsubmaps/streetnamereservations.pdf,100
/dept/planning/stsubmaps/subdivision_north.pdf>,100
/dept/planning/stsubmaps/tourism.pdf,100
/dept/planning/subdivisionreviewcommittee/beauregard_town,100
/dept/planning/subdivisionreviewcommittee/drc_items_for_november/studies/,100
/dept/planning/subdivisionreviewcommittee/drc~april/studies,100
/dept/planning/subdivisionreviewcommittee/ispud.1.16,100
/dept/planning/subdivisionreviewcommittee/lafitte,100
/dept/planning/subdivisionreviewcommittee/lanscape,100
/dept/planning/subdivisionreviewcommittee/pud-2-=,100
/dept/planning/subdivisionreviewcommittee/riverhouse,100
/dept/planning/subdivisionreviewcommittee/ss-44-14/,100
/dept/planning/subdivisionreviewcommittee/st.jean_south-harrels-ferry,100
/dept/planning/subdivisonreviewcommittee,100
/dept/planning/subdivisonreviewcommittee/,100
/dept/planning/sustainable.htm,100
/dept/planning/tb.htm,100
/dept/planning/udc/directory.htm,100
/dept/planning/udc/pdf/1f,100
/dept/planning/udc/pdf/appendix/f,100
/dept/planning/udc/pdf/chapter4.pdf,100
/dept/planning/udc/pdf/chapter5.pdf,100
/dept/planning/udc/pdf/udc_2012.pdf.,100
/dept/planning/udc/pdf/udczoning.pdf8-50-8-56,100
/dept/planning/udc/pdf/udczoning.pdfnealy200,100
/dept/planning/udcodeonline.asp>,100
/dept/planning/udg/pdf/udczoning.pdf,100
/dept/planning/wws/pdf/bgc_kemp.pdf,100
/dept/planning/wws/pdf/bgc_robinson.pdf,100
/dept/planning/wws/pdf/bgc_russo.pdf,100
/dept/planning/wws/pdf/bmp6.pdf,100
/dept/planning/wws/pdf/gonzales.pdf,100
/dept/planning/wws/pdf/minutes040513.pdf,100
/dept/planning/wws/pdf/perry.pdf,100
/dept/planning/wws/pdf/wetlandss4.pdf,100
/dept/planning/zac/pdf/lightingp.pdf,100
/dept/planning_old/conserve/species.htm,100
/dept/planning_old/econdev/empservdirectory.htm,100
/dept/planning_old/gcenters/pdf/gc18surveyresults.pdf,100
/dept/planning_old/ldast/pdfs/2016/04april/pud-4-12-cp.pdf.,100
/dept/planning_old/pdf/landdev.pdf,100
/dept/planning_old/pdf/subdivisionlisting.xls,100
/dept/planning<http://www.brgov.com/dept/planning,100
/dept/planningnew/applications/smallplannedunitdevelopment.pdf,100
/dept/plannng,100
/dept/pnlnaing/meetingsagendhatsm,100
/dept/police/machoguyswhodontdoanywork,100
/dept/pubinfo/marriagelicense.htm,100
/dept/purchase/auction/pdf/auction.pdf,100
/dept/purchase/authoritytosign2015.doc,100
/dept/purchase/bids.asp|https://wwwcfprd.doa.louisiana.gov/osp/lapac/dspbid.cfm,100
/dept/purchase/bids.asp<http://brgov.com/dept/purchase/bids.asp>,100
/dept/purchase/bidsasap,100
/dept/purchase/business.htm.,100
/dept/purchase/cbr-repricing.xlsxor,100
/dept/purchase/contactinfo.htm,100
/dept/purchase/loadbidresu...,100
/dept/purchase/pdf/vendorguide.pdf,100
/dept/purchase/previous/previous-bids.asp,100
/dept/recycle.com/,100
/dept/recycle/05annualhousehazards.htm,100
/dept/recycle/composting,100
/dept/recycle/holidays,100
/dept/recycle/jewelrywinners.htm,100
/dept/recycle/pdf/cbins.pdf,100
/dept/recycle/pdf/contest/contestregistration_distributed.pdf,100
/dept/recycle/pdf/contestregistration.pdf,100
/dept/recycle/pdf/household_hazardous.pdf,100
/dept/recycle/pdf/rrougeroundup.pdf,100
/dept/recycle/recycleprogram.htm),100
/dept/recycle/seasonalr...,100
/dept/recycle/whatyoushould&should,100
/dept/recyle,100
/dept/recyle/recycleprogram.htm),100
/dept/rev,100
/dept/search.asp,100
/dept/wapd/pdf/police_duties.pdf,100
/dept/wastewater,100
/dept_brwib/center.htm,100
/deptanimal,100
/dept-citycourt,100
/depte/citycourt/,100
/deptfina,100
/deptfnance,100
/deptgbrmls.com/brpd/phonenumbers.htm,100
/deptgoo/brpd/pdf/police_duties.pdf,100
/depth/citycourt,100
/depth/hr/,100
/depti,100
/deptlfinance,100
/deptment/citycourt,100
/deptment/creditunion,100
/depto/finance,100
/deptocdpdffairhous.pdf,100
/deptoep/mitigation,100
/depts/ers,100
/deptt/planning,100
/depty/finance,100
/depy/city/court,100
/derp/parishattorney.,100
/det/hr,100
/developers/discuss,100
/dgooept/dpw/inspections/,100
/digital,100
/digitalinitiatives.pdf,100
/diitalready,100
/dir,100
/direc,100
/directogoory.aspx,100
/directory.a,100
/directory.asp#i,100
/dis,100
/disasterresources,100
/distr,100
/district08,100
/district5ali,100
/divrus.htm,100
/doc,100
/doc7/stormwaumentcenter/view/535,100
/docu,100
/documentcente/view/11561/,100
/documentcenter/siew/3632/2016,100
/documentcenter/siew/4899/sendor,100
/documentcenter/vi,100
/documentcenter/view/1075/zoning-map-pdf,100
/documentcenter/view/11046/reset-summit-2-12-21,100
/documentcenter/view/1113/wioa-eligibility-application,100
/documentcenter/view/1163/electrical-permit-pdf,100
/documentcenter/view/11889/press-releasejuneteenth-weekjun-14-18-2021,100
/documentcenter/view/12916/2021-angel-adoption-day-11-15-21,100
/documentcenter/view/14361/2021-housing-and-neighborhood-market-segmentation-study-updated-july-2022,100
/documentcenter/view/1525/chapter-9-accessory-uses-pdf,100
/documentcenter/view/1532/chapter-15-floodways-floodplains-drainage-and-erosion-pdf,100
/documentcenter/view/1556/appendix-khttps://www.sbck.org/pdf/channelkeeper_lid_report.pdf-stormwater-bmps-for-ebrp-master-development-program-pdf,100
/documentcenter/view/1558/appendix-a-parking-streets-and-roadways-pdf,100
/documentcenter/view/1567/appendix-j-street-cross-sections-pdf,100
/documentcenter/view/1632/flood-zone-determination-form-pdf-submit,100
/documentcenter/view/1632/rmxvb2qtwm,100
/documentcenter/view/16522/ordinance-18731-effective-april-1-2023,100
/documentcenter/view/1677/01d-01/bridge_replacement_flow_chart.pdf,100
/documentcenter/view/1719/inspection-flow-chart-pdf,100
/documentcenter/view/1721/temporary-utility-cut-in-commercial-connection-request-agreement-pdf,100
/documentcenter/view/1966/economic-development-pdf,100
/documentcenter/view/1969/land,100
/documentcenter/view/2169/traditional-neighborhood-development-final-development-plan-pdf,100
/documentcenter/view/2187/mobile-home-park-checklist-pdf,100
/documentcenter/view/2366/custom-software-exemption-instructions-pdf,100
/documentcenter/view/2536,100
/documentcenter/view/2562,100
/documentcenter/view/2620/pyro-permit-form-pdf,100
/documentcenter/view/3335/plumbing-permit-applicationpdf,100
/documentcenter/view/3363/mechanical-license-app2018-pdf,100
/documentcenter/view/3611/fence-permit-information-sheet-pdf<https://nam04.safelinks.protection.outlook.com/,100
/documentcenter/view/3821,100
/documentcenter/view/3858,100
/documentcenter/view/3871/maintenance-worker-exam-study-guide-pdf,100
/documentcenter/view/3886/mutual-hartfordpdf,100
/documentcenter/view/3893)389-30,100
/documentcenter/view/3995/section-8217-traditional-neighborhood-development-pdf,100
/documentcenter/view/4736/hotel-motel-report-forhttp://www.stpgov.org/files/parish-wide-sales-tax-rates.pdfm-for-use-beginning-4-2018-pdf,100
/documentcenter/view/4866/ebr-smoke-free-ordinance-toolkit-pdf&ved=2ahukewjv3-bdmnxlahub7awkhqycauwqfjalegqibrab&usg=aovvaw0ytmqfiimce54pfjsqzmhd,100
/documentcenter/view/48vv/vendor,100
/documentcenter/view/5354/(https://science.howstuffworks.com/transport/engines-equipment/pulley.htm),100
/documentcenter/view/5392/voluntary-participation-agreement-with-instructions-,100
/documentcenter/view/562,100
/documentcenter/view/568/garnishment-procedure-guidelines-and-forms-pdf,100
/documentcenter/view/5901/munis-filled-at-request-form-final-pdf,100
/documentcenter/view/5954/red-stick-ready-app-digital-flyerfacebook:,100
/documentcenter/view/5p57/stormwater-master-plan-pdc,100
/documentcenter/view/6231/http:crisiscleanup.org,100
/documentcenter/view/6414/certification-of-health-care-provider-familypdf<https://urldefense.com/v3/__https://www.brla.gov/documentcenter/view/6414/certification-of-health-care-provider-familypdf__,100
/documentcenter/view/6536/ss-3-19,100
/documentcenter/view/6548/brec-celebrates-black-history-month-,100
/documentcenter/view/6672/case-26-19,100
/documentcenter/view/6674/ispud-4-19,100
/documentcenter/view/6967/sign-insp-process-pdf,100
/documentcenter/view/6968/cell-towerpdf,100
/documentcenter/view/6982/occupancy-inspection-process,100
/documentcenter/view/6996/case-32-19,100
/documentcenter/view/6tu,100
/documentcenter/view/7000/case-36-19,100
/documentcenter/view/7003/cup-5-19,100
/documentcenter/view/7010/pud-1-19,100
/documentcenter/view/71/educational-and-rehabilitative-courses-pdf,100
/documentcenter/view/7200/04-03-19-soliciting-arrest,100
/documentcenter/view/7247,100
/documentcenter/view/7361/45-19,100
/documentcenter/view/7363/47-19,100
/documentcenter/view/7364/43-19,100
/documentcenter/view/7367/49-19,100
/documentcenter/view/7370/rv-9-19,100
/documentcenter/view/7375/tnd-1-07_fdp,100
/documentcenter/view/7475/eop-foreward,100
/documentcenter/view/7485/annex-c-warning,100
/documentcenter/view/7486/annex-d-evacuation,100
/documentcenter/view/7490/annex-h-hazardous-materials,100
/documentcenter/view/7493/annex-k-damage-assessment,100
/documentcenter/view/7497/annex-o-health-and-medical,100
/documentcenter/view/7500/annex-r-department-of-public-works,100
/documentcenter/view/7502/annex-t-terrorism,100
/documentcenter/view/7503/annex-u-mass-fatalities,100
/documentcenter/view/7638/stormwater-and-floodplain-requirements-pdf,100
/documentcenter/view/788/hospice-model-emergency-plan-pdf,100
/documentcenter/view/7983/november-2019-test-calendar,100
/documentcenter/view/8097/saturday-court-flyer,100
/documentcenter/view/8409/12-11-19-draft-minutes,100
/documentcenter/view/9240/library-aide-library-page-exam-study-guide,100
/documentcenter/view/9250/all-testing-locations-7-7-2020,100
/documentcenter/view/9688/faq-https://ldh.la.gov/,100
/documentcenter/view/9700/guidelines-for-businesses-with-covid-19-employee/texas,100
/documentcenter/view/s78,100
/documentcenter/view/st8,100
/documentcenter/view5354/heavy-equipment-operator-exam-study-guide-pdf,100
/documentcenter/view6459/2019-cms-schedule,100
/documentcenter/viiew/8117/traffic-signal-technician-iii-exam-study-guide,100
/documentcentera/awv3bdiyvd,100
/docwafbumentcenter/view/4613/request-for-leave-of-absence-pdf,100
/doptlfmance,100
/down,100
/download/5iph-dnnz/image.png,100
/dp1/metroplex/batonrouge/customerservice,100
/dpet/citycourt,100
/dptm/citycourt,100
/drainageporojects,100
/drainageprojects,100
/drept/planning,100
/drpt/creditunion/,100
/drshirley,100
/dtp/creditunion/services.htm,100
/eas,100
/ebrgis/gis,100
/ebrgis/metadata/files/city_limits.htm,100
/ebrgis/propertydetails/,100
/ebrigs/,100
/ebrpl,100
/edept/citycourt/,100
/eduardo_williams_murder_solved.pdf,100
/eemergency,100
/ekergebcy,100
/em,100
/eme,100
/emeracy,100
/emerencies,100
/emerfency,100
/emergebcy,100
/emerged,100
/emergen,100
/emergency...yes,100
/emergency/.,100
/emergency/app/xml-mobile-emergency.asp,100
/emergency/files/2016/roe.pdf,100
/emergency/files/2016flood/roepdf,100
/emergency/files/debrisdailyschedule.pdf,100
/emergency/files/powerrestoration.pdf,100
/emergency/files/roe.pdf,100
/emergency/hhour.asp,100
/emergency/marquee/marqueeroads.asp,100
/emergency/marqueeservice.asp,100
/emergency/noformatting.asp,100
/emergency/temp-listing.html,100
/emergency/update,100
/emergency/x.aps,100
/emergency”,100
/emergencyfinancialassistane,100
/emergencyh/files/2016,100
/emergerncy,100
/emergincy,100
/emergnecy/,100
/emergneyc,100
/emergrcy,100
/emetgency,100
/emmergency,100
/employe,100
/employeeappreciation>.,100
/employeeselfserve,100
/employerbr,100
/emrgency,100
/emsadmin,100
/emsdirector,100
/emsfeedbac,100
/en/government/2018-311-citizen-request-for-service/kfnp-xiky/337083,100
/en/government/city-parish-employee-annual-salaries/g5c2-myyj/47056,100
/en/government/city-parish-employee-annual-salaries/g5c2-myyj/52488,100
/en/housing-and-development/2014-adjudicated-property-by-council-district/uzw7-9sbz,100
/en/housing-and-development/2014-adjudicated-property-point-map-with-council-d/su34-96uh,100
/en/housing-and-development/2016-adjudicated-property/qtuk-8asm/15399,100
/eneral.org,100
/eop,100
/erp/,100
/evo,100
/explorerpost,100
/familyemergencyplan,100
/faq.as,100
/faq.qid=225,100
/fc3b42d6-2c49-4ba2-8dbe-4ef4d4986a10,100
/fcu,100
/fdfcu.com,100
/files,100
/finance/budgeting-division/quarterly,100
/flashtalking/ftlocal.html,100
/fluseason,100
/foremergency,100
/formcent,100
/formcenter/emergency-medical-services-4/rxzlbnqtum,100
/formcenter/finance-5/umvxdwvzdc,100
/formcenter/mayor-president-office-17/chjvy2xhbw,100
/formcenter/mayor-president-office-17/mayors-youth-workforce-expe4rience-applic-163,100
/formcenter/mayor-president-office-17/request-protocol-form-128,100
/formcenter/mayor-president-office-17/twf5b3jzlv,100
/formcenter/mayor-president-office-17/uhjvy2xhbw,100
/formcenter/mayor-president-office-17/umvxdwvzdc,100
/formcenter/mayors-office-of-homeland-security-emerg-7/invitationonly-ics-400-training-advance-136,100
/formcenter/mayors-office-of-homeland-security-emergency7/invitation-only-special-assistance-team-152,100
/formcenter/metropolitan,100
/formcenter/metropolitan-,100
/formcenter/panning-commission-26/cgxhbm5pbm,100
/formcenter/panning-commission-26/planning-commission-public-comment-form-16,100
/formcenter/planning-commission-26/planing-commission-public-comment-form-160,100
/formcenter/planning-commission-26/planning-commission-=,100
/formcenter/planning-commission-26/planning-commission-public-comment-form-1602.you,100
/formcenter/police-department-19/sw50zxjuyw,100
/formcenter/ugxhbm5pbm,100
/formcenter/ugxhbm5pbm26/ugxhbm5pbm,100
/forward331,100
/foundry/dakq-4sda,100
/freshstsrt,100
/ftprevenue,100
/futurebr-5-year-udpate,100
/gervaccinated,100
/getv,100
/getvac,100
/getvaccin,100
/getvaccina,100
/getvaccinated,100
/getvaccineted,100
/getvaccoonated,100
/getvacinnate,100
/giis,100
/gis/propertylookip.asp,100
/gis/rest/directories/arcgisoutput,100
/gisdatarequest,100
/gistestfrombrla/default_original.asp,100
/gistestfrombrla/disclaimer.asp,100
/gistestfrombrla/metadata.asp,100
/gistestfrombrla/metadata/building,100
/gobs,100
/google5c2be1fdb2396ed3.html,100
/google5ef4be3aefdeb348.html,100
/gov/citycourt,100
/government/2014-city-parish-employee-annual-salaries/pm4j-bn3n/alt,100
/government/2017-311-citizen-request-for-service/2dy4-8yfv/120427,100
/government/272228/5y9p-y2na,100
/government/bid-openings-and-results/u9zk-8nix/1355,100
/government/bid-openings-and-results/u9zk-8nix/1360,100
/government/bid-openings-and-results/u9zk-8nix/1372,100
/government/bid-openings-and-results/u9zk-8nix/1373,100
/government/bid-openings-and-results/u9zk-8nix/15934,100
/government/blighted-property/xm5r-7trc,100
/government/brave-po/xt46-kt4k,100
/government/city-parish-employee-annual-salaries/g5c2-myyj/499,100
/government/city-parish-employee-annual-salaries/wxey-cnwz/data,100
/government/city-parish-employees/gyhq-w3h3/alt,100
/government/court-juvenile-section/7wdu-7ub6/data,100
/government/grant-funded-vendors/e3h9-g5ds,100
/government/is-po-and-contracts/t3dc-39tf/data,100
/government/mold-complaints/eg6x-hcd6,100
/government/monthly-311-requests-by-department/6irr-kkn6/data,100
/government/open-schools-map/bvrj-kevk/data,100
/government/percentage-of-city-parish-workforce-by-department/8eku-tpa2/about,100
/government/percentage-of-city-parish-workforce-by-department/8eku-tpa2/data,100
/government/poc_2021/b9mt-em7v/data,100
/government/police-pay/p9p4-8gsi/data,100
/government/public-facilities/4u7h-jsge/alt,100
/government/public-facility/4iz6-ptzm/data,100
/government/purchase-orders-header-only/i62w-3h2r/52932,100
/government/salaries/gk64-rtp2/2490,100
/government/salaries/gk64-rtp2/data,100
/government/salary-by-job-title-and-sex/2mm5-d9mx,100
/government/social-vulnerability-index-2018/q7v5-ijjg/data,100
/government/voting-precinct/y5ck-h64d/data,100
/government/ward-1950/aecy-bmyf/data,100
/govt,100
/govt/govhome.htm,100
/greelnight,100
/greenguide,100
/greenlight/allprojects.asp,100
/hazardousrecycle,100
/hdcapitalarmorygarden.jpg,100
/hdsmrss,100
/head,100
/headstart/pdf,100
/headstart/pdf/hsa.pp.pdf,100
/heart,100
/hellokitty111/,100
/hept/hr,100
/historicalmaps,100
/historicalmaps.com,100
/historicmaps,100
/holiday16.pdf,100
/home/faq,100
/honoringlegends2020,100
/hostite,100
/hotline,100
/housing.and.dev/adjudicated-property,100
/housing_and_development/adjudicated_property/a4h4_zi7e,100
/housing-and-developmen,100
/housing-and-development/2013-adjudicated-property/9vry-ur43/data,100
/housing-and-development/2013-adjudicated-property-heat-map/8txr-zq9p/about,100
/housing-and-development/2013-adjudicated-property-point-map-with-council-d/tqpn-ycgb/6485,100
/housing-and-development/2015-adjudicated-property/ed3c-ahn5/data,100
/housing-and-development/2015-adjudicated-property-point-map-with-council-d/ftc4-wkk2/,100
/housing-and-development/2015-adjudicated-property-point-map-with-council-d/ftc4-wkk2/15160,100
/housing-and-development/2015-booker-town/ebia-c7yf,100
/housing-and-development/2016-ebr-building-permit-heat-map/fk5j-njsg/210191,100
/housing-and-development/2016-permits-by-type-pie-chart/kwdb-5qqb/alt,100
/housing-and-development/2017-ebr-building-permit-heat-map/38z2-usqv/about,100
/housing-and-development/2018-ebr-building-permits-by-type/m7z7-5r78/about,100
/housing-and-development/2022-n-harco-permits/y27y-7tb8/data,100
/housing-and-development/70805-adjudicated-properties/d5cc-fg2a,100
/housing-and-development/740-w-chimes/ys6h-4ew3,100
/housing-and-development/address-label/az2g-ktf6/data,100
/housing-and-development/adjudicated-property/a4h4-zi7e/1165,100
/housing-and-development/adjudicated-property/a4h4-zi7e/1168,100
/housing-and-development/adjudicated-property/a4h4-zi7e/11934,100
/housing-and-development/adjudicated-property/a4h4-zi7e/188,100
/housing-and-development/adjudicated-property/a4h4-zi7e/347,100
/housing-and-development/adjudicated-property/a4h4-zi7e/376,100
/housing-and-development/american-way/uxq8-5wur,100
/housing-and-development/br-adj-prop/5t7t-a2jq,100
/housing-and-development/census-demographics/xsrb-mxqt/324,100
/housing-and-development/census-demographics/xsrb-mxqt/associates_degree_female,100
/housing-and-development/census-demographics/xsrb-mxqt/row-vyj3.s2ei_bymw,100
/housing-and-development/comite/hctn-wfzr,100
/housing-and-development/commercial-and-occupancy-after-5-14-18/n4fa-w6yw,100
/housing-and-development/denham/7f9p-scer,100
/housing-and-development/district-69-view/df7r-nupu/data,100
/housing-and-development/ebr-building-permits/5uys-p2p4/data,100
/housing-and-development/ebr-building-permits/7fq7-8j7r/258043,100
/housing-and-development/ebr-building-permits/7fq7-8j7r/260664,100
/housing-and-development/ebr-building-permits/7fq7-8j7r/266491,100
/housing-and-development/ebr-building-permits/7fq7-8j7r/342907,100
/housing-and-development/ebr-building-permits/7fq7-8j7r/359291,100
/housing-and-development/ebr-building-permits/7fq7-8j7r/359649,100
/housing-and-development/ebr-building-permits/7fq7-8j7r/359866,100
/housing-and-development/ebr-building-permits/7fq7-8j7r/387447,100
/housing-and-development/ebr-building-permits/7fq7-8j7r/387675,100
/housing-and-development/ebr-building-permits/7fq7-8j7r/401132,100
/housing-and-development/ebrp-tax-roll/myfc-nh6n/352094,100
/housing-and-development/ebrp-tax-roll/myfc-nh6n/alt,100
/housing-and-development/fruit-town/rnji-hapm,100
/housing-and-development/juban-project/dc6v-ydtk,100
/housing-and-development/lizy/b6f9-wavv,100
/housing-and-development/melrose/5t8i-hbir,100
/housing-and-development/melrose-east/9mwx-pwbk,100
/housing-and-development/my-list/sh82-wttq,100
/housing-and-development/original/4gfm-aarf,100
/housing-and-development/property-information/re5c-hrw9/1017402,100
/housing-and-development/regular/th5y-cvnf,100
/housing-and-development/street-address-listing/6fyg-p3r9/alt,100
/housing-and-development/subdivisions-lot-count/35s2-5sat/data,100
/housing-and-development/subd-planning-district-15/bsg3-j8gc/data,100
/housing-and-development/tax-lien/fp4b-dj5t,100
/housingsummit<http://www.brla.gov/housingsummit>,100
/hr/bett,100
/http://mb.511la.org/la3g/routereport.jsp,100
/https:/brgov.com/dept/dept/planning/dept/dept/hr/,100
/humanresoiurces,100
/hur,100
/hurican,100
/huricane,100
/hurri,100
/hurrica,100
/hurrican,100
/icfrontdesk,100
/idadebris,100
/idadebris.com,100
/idadevris,100
/images/hdinfor.gif,100
/images/nredstickready.jpgwkl1q1m,100
/images/openbudget,100
/images/rss.gif,100
/index.php/catalog/adminhtml_product_action/attribute,100
/index.php/cms/adminhtml_page/index,100
/instagram,100
/install/database.aspx,100
/ip1,100
/jamie_pastrana_warrant.pdf,100
/jason_price_arrest.pdf,100
/jbos,100
/jobb,100
/jobbs,100
/jobc,100
/jobds,100
/jobhs,100
/jobs/**,100
/jobs<http://www.brla.gov/jobs>,100
/jobs>!,100
/jobs261,100
/jobs9.yusne-repzg,100
/jobshttps://employers.indeed.com/j/walk-in,100
/jobsjq3odk0oarfcgmybgzya3ltexktdc05otkezniya3nhlwdwbgdwcmlkawrux2dwcwmxmarvcmlnaw4dbxkuewfob28uy29tbhbvcwmybhbxc3ryawrxdwvyeqnlynigy2l0esbwyxjpc2ggam9icwrzywmdmqrzyw8dmq,100
/jobsr/view/371/employment-application-pdf,100
/jojbs,100
/jonbs,100
/jovbs,100
/js/uploadify/uploadify.css,100
/k12,100
/landfill,100
/ldept/finance,100
/learningacadrmy,100
/lobs,100
/lovebatonrouge/pdf/love,100
/lovebatonrouge/summer.adp,100
/lovebatonrouge/summer.asp@,100
/lovebatonrouge/summer.asp<https://urldefense.proofpoint.com/v2/url,100
/lovebatonrouge/summerjob,100
/magodawa,100
/mailman/,100
/mailto:eref@ebrpl.com,100
/mailto:john.clemons@fema.dhs.gov,100
/mailto:marvin.r.jennings@fema.dhs.gov,100
/majorsyouthworfore,100
/malcolm_harold_sought_in_homicide.pdf,100
/mayorschallenged,100
/mayorssummerjob,100
/mbkbr/contest.asp,100
/mbkbr/mentoringconnector.pdf,100
/mbkbr/www.mentoring.org/our-work/events/national-mentoring-summit,100
/meet/btlawrence,100
/meetingsagendas.htm,100
/mergengy,100
/metasys,100
/metro21/a,100
/metro21/http://www.saengernola.com/http://www.pta.org/about/content.cfm,100
/metro21/stream.aspgrow,100
/metro21/strwww.google.com,100
/metrone/purchase/contact.htm,100
/metronet/fire,100
/metronet/homepage,100
/metroweb/webroot/dept/oep/mitigation/hmp/f10schools.pdf,100
/michael_williams_shooting.pdf,100
/missing_lsu_student_sought.pdf,100
/missionstatement.htm,100
/mjaymgnvbn,100
/mls,100
/moh,100
/mother_booked_in_death_of_infant.pdf,100
/movebr,100
/mss/employmentopportunities/application.aspx,100
/munis/ess,100
/mycetipay.com,100
/mypermits,100
/networktech,100
/new,100
/newbusinesses,100
/nominate/8118,100
/notfoundpage,100
/office/services,100
/olt-,100
"/olt,",100
/olt00712811account,100
/olt00923455,100
/onlinesalestaxpayment,100
/onlinetraining.pdf,100
/open_ata_br_faqs.htm,100
/opendatabr,100
/operationcleanup,100
/oserv,100
/ota,100
/owa/auth/logon.aspx,100
/pager,100
/paint,100
/papa/,100
/parishattorney/adjjudicatedproperty,100
/parishattorney/adjustedproperty,100
/pdep.htm,100
/pdf,100
/pdf/movebr-taxplan.pdf,100
/phone,100
/photogallery/photo00020024/wws/wetlands.htm,100
/plann,100
/planning/dept/planning/,100
/planning/meetingsagendas,100
/planning/prelim/-8-14.pdf,100
/portal/err/session-expire.jsp,100
/pre=,100
/precycle/pdf/greenguide.pdf,100
/press/binsale.pdf,100
/press/calea.pdf,100
/press/chtree.pdf,100
/press/film.com,100
/press/fleet.pdf,100
/press/leedrive.pdf,100
/press/odbrday.pdf,100
/press/press/ibm.pdf,100
/press/titleviprogram.pdf,100
/profile.pdf,100
/profile/amv-greenberg/n4j4-ifn7,100
/profile/barbara-d-johnson/w836-hrkf/app_tokens,100
/profile/ced/6xgb-c2ge,100
/profile/charles-ritchie/hk3k-ajvk/app_tokens,100
/profile/courage1962/ft9r-effi,100
/profile/debra-parker/aczw-m5vn/app_tokens,100
/profile/dennisn/jvvw-5sap/app_tokens/40223,100
/profile/fungi/a7ni-9zyj/app_tokens/38174,100
/profile/g-cobb/wg8u-pm2g/edit,100
/profile/haralson/pw6x-wr9f/account,100
/profile/klabau1/e953-nm7w/app_tokens,100
/profile/ogden-park-president/hhwv-mjkg/account,100
/profile/taranis/afxt-jx3z/app_tokens,100
/profile/tyler/8wx3-3wpg/image,100
/profile/walter-schantz/9mcr-6fsw/account,100
/projectfeasibility.ppt,100
/projectmanager,100
/projects/capacityassurance,100
/property_lookup,100
/propertyathoeneyajudcateproperty,100
/psspp,100
/public-safetly/baton-rouge-crime-incidents/dab-canny,100
/public-safety/111/vdug-9q4h,100
/public-safety/2014-fire-heat-map/tskz-idgd/data,100
/public-safety/2016-crime-map/mbhr-5nnz/1638890,100
/public-safety/2016-fire-heat-map/suc4-e7q8/data,100
/public-safety/2017-crime-incidents/atj3-pbei/1410131,100
/public-safety/2017-fire-heat-map/puuw-huqa/461202,100
/public-safety/70807/ketc-yna3,100
/public-safety/animal-control-incidents/qmns-hw3s/131533,100
/public-safety/attempt2/ytfp-jija,100
/public-safety/baton-rouge-crime-incidents/fabb-cnnu/1029375,100
/public-safety/baton-rouge-crime-incidents/fabb-cnnu/1449232,100
/public-safety/baton-rouge-crime-incidents/fabb-cnnu/1449941,100
/public-safety/baton-rouge-crime-incidents/fabb-cnnu/1450373,100
/public-safety/baton-rouge-crime-incidents/fabb-cnnu/1450559,100
/public-safety/baton-rouge-crime-incidents/fabb-cnnu/1451033,100
/public-safety/baton-rouge-crime-incidents/fabb-cnnu/1826805,100
/public-safety/baton-rouge-crime-incidents/fabb-cnnu/496896,100
/public-safety/baton-rouge-crime-incidents/fabb-cnnulibrary(rsocrata),100
/public-safety/baton-rouge-police-districts/hina-ybpz/45,100
/public-safety/burgs-4th-qtr-15/v76a-5w8s,100
/public-safety/city-court-warrants/3j5u-jyar/alt,100
/public-safety/cottages/wad6-6hpp,100
/public-safety/crimes-by-zipcode/mmya-vu89,100
/pubsafety/reports/,100
/pzb/permit/,100
/readme.txt,100
/recycle.greenguide.htm,100
/recycle//natresources.htm,100
/recycle/contact.htm/,100
/recycle/paperandplastic:htm,100
/recycle/pdf/back,100
/recycle/pdf/cbins.pdf,100
/recycle/pdf/ccontest.pdf,100
/recycle/pdf/compost.pdf,100
/recycle/pdf/edaylive.pdf,100
/recycle/pdf/greenguid.pdf,100
/recycle/pdf/greenguide,100
/recycle/pdf/greenguied.pdf,100
/recycle/pdf/hazardousreusablechart.pdf,100
/recycle/pdf/student_k.pdf,100
/recycle/pdf/teacher_3.pdf,100
/recycle/try,100
/recycle/whatyoushould&shouldtdo.htm/,100
/redlight/cameravehavior,100
/redlight/images/dkblseal190.jpg,100
/redlight/redlightrunningfacts.htm)http://www.iihs.org/iihs/sr/statusreport/article/46/1/1,100
/redlight/redlightrunningfacts.htm.,100
/redlightrunningfacts.htm,100
/referral,100
/repor,100
/report/bupfsafety,100
/report/pubsafety,100
/reports.html,100
/reports/dept/ada/,100
/reports/dept/brpd,100
/reports/dept/citycourt/dept/dept/dept/dept/finance/businessregistration.htm,100
/reports/dept/citycourt/dept/dept/dept/dept/hr/,100
/reports/dept/citycourt/dept/dept/dept/dept/hr/insurance.htm,100
/reports/dept/citycourt/dept/dept/dept/finance/businessregistration.htm,100
/reports/dept/citycourt/dept/dept/dept/hr/,100
/reports/dept/citycourt/dept/dept/dept/hr/insurance.htm,100
/reports/dept/council/agendas/whos-who.pdf,100
/reports/dept/council/dept/dept/dept/dept/finance/businessregistration.htm,100
/reports/dept/council/dept/dept/hr/insurance.htm,100
/reports/dept/council/dept/hr/insurance.htm,100
/reports/dept/dept/dept/dept/finance/businessregistration.htm,100
/reports/dept/dept/dept/hr/,100
/reports/dept/dept/hr/,100
/reports/dept/dpw/ipd,100
/reports/dept/jpeace,100
/reports/dept/mlk,100
/reports/dept/neighbors,100
/reports/dept/parishattorney,100
/reports/dept/parishattorney/abc.htm,100
/reports/dept/recycle,100
/reports/dept/recycle/dept/dept/dept/dept/finance/businessregistration.htm,100
/reports/dept/recycle/dept/dept/dept/finance/businessregistration.htm,100
/reports/dept/recycle/dept/dept/dept/hr/,100
/reports/dept/recycle/dept/dept/dept/hr/insurance.htm,100
/reports/dept/recycle/dept/dept/finance/businessregistration.htm,100
/reports/dept/recycle/dept/dept/hr/,100
/reports/dept/recycle/dept/hr/insurance.htm,100
/reports/dept/wia,100
/reports/public/brtmap,100
/reports/public/brtrl,100
/reports/public/brtrlist.ashttp://brgov.com/reports/public/brtrlist.asp,100
/reports/public/brtrlist.asp.,100
/reports/public/brtrlist.asp.com,100
/reports/public/brtrlist.asphttp://brgov.com/reports/public/brtrlist.asp,100
/reports/public/brtrlist.asphttp://www.drivebc.ca/,100
/reports/public/brtrlist.asphttp://www.lafayette911.org/,100
/reports/public/brtrlist.asplauberge,100
/reports/public/brtrlist.aspresp/vwall_tour.aspx,100
/reports/public/brtrlist.aspweather,100
/reports/public/brtrlist.aspx,100
/reports/public/brtrmap.asp.,100
/reports/public/brtrmap.asp3,100
/reports/public/brtrmap.aspb,100
/reports/public/brtrmap.aspbrgov.com/reports/public/brtrmap.asp,100
/reports/public/brtrmap.aspfac,100
/reports/public/brtrmap.aspg,100
/reports/public/brtrmap.aspwafb,100
/reports/public/brtrmobile.asp.,100
/reports/public/brtxml.xml,100
/reports/public/georss1.ap,100
/reports/public/images/hdbrtrmapleft.gif,100
/reports/public/lafayette,100
/reports/publihttps://m.facebook.com/story.php,100
/reports/pubsafety/<http:/www.brgov.com/reports/pubsafety/,100
/reports/pubsafety/b,100
/reports/pubsafety/brfd/fr,100
/reports/pubsafety/brfd/frbrfdt/frbrfdt-dir.html,100
/reports/pubsafety/brfd/fresfdt/08-12-2016.fresfdt.html,100
/reports/pubsafety/brfd/fresfdt/fresfdw.html,100
/reports/pubsafety/brfd/frvdrw-bro/frvfdrw-bro.html,100
/reports/pubsafety/brfd/frvdrw-cen.html,100
/reports/pubsafety/brfd/frvfdrw-bro/frvfdrw-bro,100
/reports/pubsafety/brfd/frvfdrw-bro/null,100
/reports/pubsafety/brfd/frvfdrw-cen/null,100
/reports/pubsafety/brfd/reports,100
/reports/pubsafety/brfd/vfd.reports.htm,100
/reports/pubsafety/brfd/vpd-reports.htm,100
/reports/pubsafety/brso/imslnpn/imslnpn.html,100
/reports/pubsafety/brso/jmsinpn/jmsinpn.html,100
/reports/pubsafety/brso/jmslnpn.htl,100
/reports/pubsafety/brso/jmslnpn/jmslnpn.face,100
/reports/pubsafety/images/fire.jpg,100
/reports/pubsafety/prfd,100
/reprts/pubsafety/brfd/vfd-reports.htm,100
/request-for-service/index,100
/resorce/fabb-cnnu,100
/revycle/pdf/greenguide.pdf,100
/rkundu,100
/ror,100
/row,100
/rss/brpdnews/,100
/rss/press/,100
/s59/taxes,100
/s84/new-business-registration,100
/s87/checklist-for-starting-a-new-business,100
/samplelettertoeditor.doc,100
/sams_one_stop_homicide.pdf,100
/samuel_morgan_homicide.pdf,100
/sbsla.com,100
/schoolboard,100
/selfserivce,100
/selfservvice,100
/sftp-config.json,100
/shawn_thompson_arrest.pdf,100
/shelter,100
/shelter/,100
/sites/default/settings.php~,100
/smoking,100
/social/,100
/social/office/,100
/social/services,100
/sspears,100
/stac,100
/start.htm,100
/stormeater,100
/stormutilityfee,100
/stormwater,100
/storwaterutility,100
/streetclosures,100
/student-internship-program,100
/-stw.dotd.state.la.us,100
/styles/about:blank,100
/surveys/1804a/submit.asp,100
/tarps,100
/taskforce/images/yoder1.jpg,100
/taskforce/primetimeresponse.htm,100
/taslforce/pdf/profile.pdf,100
/ticket,100
/toe,100
/traffic/.....praying,100
/trafficresources,100
/transition/transitionreport.pdf,100
/transition/transitionreports,100
/transportation-and-infrastructure/2014-manner-of-collision-comparison/td76-87v4/data,100
/transportation-and-infrastructure/2015-manner-of-collision-comparison/js9s-nrff/alt,100
/transportation-and-infrastructure/2016-manner-of-collision-comparison/fmxz-pcrc/alt,100
/transportation-and-infrastructure/2016-manner-of-collision-comparison/fmxz-pcrc/data,100
/transportation-and-infrastructure/baton-rouge-traffic-incidents/2tu5-7www.gookif,100
/transportation-and-infrastructure/street-lighting/nbzj-v92f/data,100
/transportation-and-infrastructure/street-lighting/nbzj-v92f/data/,100
/transportation-and-infrastructure/street-names,100
/transportation-and-infrastructure/street-names/whw6-pbh2/4,100
/u2vydml0dw,100
/u41/a,100
/ubmit,100
/undefinedstorage.swf,100
/unsubscribe,100
/uploadify/uploadify.css,100
/urbandesignhandbook.pdf,100
/utilityfee,100
/vendorsor,100
/view/9250/all-testing-locations-6-22-2020,100
/virusworkshop,100
/vovid,100
"/vss),",100
/vss/,100
/vsss,100
/w/2338-vvmr/default,100
/w/35s2-5sat/default,100
/w/46yn-5ctj/_variation_,100
/w/47vj-2hfs/_variation_,100
/w/4u7h-jsge/_variation_,100
/w/4u7h-jsge/default,100
/w/54bn-2sqf/default,100
/w/5bmt-pt5h/_variation_,100
/w/5emz-4788/default,100
/w/5q2j-tjyj/default,100
/w/6fyg-p3r9/_variation_,100
/w/937i-xgcw/_variation_,100
/w/937i-xgcw/default,100
/w/9p6y-czv3/_variation_,100
/w/atj3-pbei/_variation_,100
/w/eciz-btig/,100
/w/f4w2-iezz/_variation_,100
/w/f4w2-iezz/default,100
/w/hb5a-s8n4/_variation_,100
/w/hdxd-pjgz/default,100
/w/i5j3-69mv/default,100
/w/i62w-3h2r/_variation_,100
/w/it2d-xes3/default,100
/w/kfnp-xiky/_variation_,100
/w/n9u7-h9i7/,100
/w/n9u7-h9i7/_variation_,100
/w/nfeu-bch4/default,100
/w/pbin-pcm7/_variation_,100
/w/phg8-g77c/_variation_,100
/w/puuw-huqa/default,100
/w/qmns-hw3s/default,100
/w/qpsx-2e72/_variation_,100
/w/qpsx-2e72/default,100
/w/qqrc-k7zx/_variation_,100
/w/suc4-e7q8/_variation_,100
/w/uuda-vzwa/default,100
/w/uz3t-nvyr/default,100
/w/yjm3-yp4c/_variation_,100
/w/yuyj-szd9/default,100
/w/yuyz-d3xr/default,100
/w-2.htm/,100
/wdept/brpd/pdf/police_duties.pdf,100
/weaher,100
/weather/,100
/weather/tests/1.assp,100
/weathermap,100
/webmail/owa,100
/webresource.axd,100
/webware/ax,100
/weekend/test123.html,100
/wehater,100
/wel,100
/wellnesswedn,100
/wellnesswedne,100
/wellnesswednesday.join,100
/wfsp,100
/widgets/2q2y-4x85,100
/widgets/3c3t-t663,100
/widgets/3u4i-fz9z,100
/widgets/46yn-5ctj,100
/widgets/47vj-2hfs,100
/widgets/4kxx-65v6,100
/widgets/5i2z-eb5u,100
/widgets/5qsn-66uh,100
/widgets/5zny-m2kx,100
/widgets/6gjx-xn5q,100
/widgets/74xk-drzk,100
/widgets/7azm-euk7,100
/widgets/85uu-yeds,100
/widgets/86sn-4dye,100
/widgets/9agr-68y3,100
/widgets/bcph-ctrd,100
/widgets/c8w3-vk4s,100
/widgets/cfwu-zu56,100
/widgets/dxtw-2xpk,100
/widgets/e3py-5nez,100
/widgets/eg6x-hcd6,100
/widgets/etf5-nbxr,100
/widgets/f4w2-iezz,100
/widgets/ftvk-5r9d,100
/widgets/gk64-rtp2,100
/widgets/gmmi-rach,100
/widgets/h2ge-cfa3,100
/widgets/ik6s-beqj,100
/widgets/it2d-xes3,100
/widgets/jsgf-sts6,100
/widgets/md69-r9n8,100
/widgets/mgt5-6piy,100
/widgets/mp8d-t7fw,100
/widgets/n4fa-w6yw,100
/widgets/nbzj-v92f,100
/widgets/pypd-7kfi,100
/widgets/qfmj-2fwi,100
/widgets/qxhj-kx3h,100
/widgets/rcsv-bmif,100
/widgets/rjvc-snnx,100
/widgets/s24n-jsxc,100
/widgets/shsq-4qar,100
/widgets/tbma-75ta,100
/widgets/tff8-kc2x,100
/widgets/tqy7-429i,100
/widgets/ukdu-imyy,100
/widgets/v4fi-jraa,100
/widgets/w5xa-imna,100
/widgets/x3bu-vq6a,100
/wmergency,100
/www.diabetes.org/walkbr2016,100
/www.google.com,100
/www.handsonbanking.com/,100
/y29tbxvuax,100
/y2fwaxrhbg,100
/y2l0axplbi,100
/y2l0exbhcm,100
/year/2015/operating/0/department/retirement+office/0/project,100
/year/2015/operating/0/fund/office+of+social+services/0/service/conservation+and+development/0/department/human+development+and+services/0/project,100
/year/2015/operating/0/project/core+rd+@+drainage+canal/0/service,100
/year/2015/operating/0/project/jones+creek+rd+traffic+signal+at+tiger+bend+road/0/service,100
/year/2015/revenue/0/service/miscellaneous/0/department/debt+service/0/program/2010b+sewer+revenue+bonds+(babs)+($357m)/0/expense_category/debt+service/0/fund,100
"/year/2015/revenue/0/service/public+safety/0/department/police+department/0/program/police+department-communications/0/expense_category/personal+services+-+wages,+salaries,+&+allowances/0/fund",100
/year/2015/revenue/0/service/transportation/0/department/greater+baton+rouge+airport+district/0/program/airport+2008a+strb+debt+service/0/expense_category/debt+service/0/fund,100
/year/2019/operating/0/segment4/the+butterfly+society/1/charactercodedescription,100
/year/2020/revenue/0/charactercodedescription/transfers+in/0/object/tf+2020b+$182m+lcda+swr+rv+rfn/0/fund,100
/year/2021/operating/0/fund/general+fund/0/segment2/fire+department/0/segment4/fire-administration/0/segment5/operating/0/object,100
/year/2021/operating/0/segment2/fire+department/0/object/salaries+of+regular+employees/0/fund,100
/year/2021/operating/0/segment2/human+resources/0/fund/general+fund/0/segment4/training~employee+development/0/segment5/operating/0/object,100
/year/2022/operating/0/fund/sewerage-operations+&+maint/0/segment2/environmental+services/0/segment4/env-sewer+division/0/segment5/wastewater+treatment/0/object/repair~maintenance-elect~instr/0/charactercodedescription,100
/year/2022/operating/0/object/medical~dental~hospital+srv/0/fund,100
/year/2022/operating/0/segment2/human+resources/0/object/contract+employees/0/fund/general+fund/0/charactercodedescription/personal+services/0/segment4,100
/year/2023/operating/0/fund/br+fire+pay+enhancement+fund/0/segment2/fire+department/0/segment4,100
/year/2023/operating/0/segment2/fire+department/0/fund/general+fund/0/segment4/fire-special+services/0/segment5/operating/0/object/vehicle+accessories+&+parts/0/charactercodedescription,100
/year/2023/operating/0/segment2/information+services/0/fund/general+fund/0/object/salaries+of+regular+employees/0/segment4,100
/year/default/revenue/0/service/miscellaneous/0/department/debt+service/0/program,100
/zgftywdlyx,100
Grand Total,100
